attachment_id;text;train;begin;end;user_id;height;width;length
0b1b6986-8559-4001-9f75-a9ae0382dfc2;Ą;true;10;52;185bd3a81d9d618518d10abebf0d17a8;1920;1080;111.0
0d1a545c-65d7-490b-b3f6-ecc7abcd9a84;Ą;true;14;55;46dd04a1caa75ed3082b573cb5a3ad26;1920;822;103.0
118c7462-34ab-481d-805e-389c57979284;Ą;true;6;37;46dd04a1caa75ed3082b573cb5a3ad26;1920;822;76.0
2531ffe7-19e0-4a4e-bd52-76dec2e8eedd;Ą;true;15;43;0211b488644476dd0fec656ccb9b74fc;1920;1080;67.0
2eb600ae-3b25-48be-8cbd-12cb88bcf789;Ą;true;25;71;185bd3a81d9d618518d10abebf0d17a8;1920;1080;106.0
46b8313e-8281-41ad-8d01-29c8a49bfbf5;Ą;true;13;49;0211b488644476dd0fec656ccb9b74fc;1920;1080;78.0
52a31867-5661-4a33-aeea-416fedc8b029;Ą;true;7;38;46dd04a1caa75ed3082b573cb5a3ad26;1920;1080;100.0
5b8c0dc5-46e9-4689-9da5-81a246080391;Ą;true;13;73;db573f94204e56e0cf3fc2ea000e5bdc;1280;720;109.0
6dd5fe9b-ae33-4212-8d6c-7cf42f76dd81;Ą;true;49;97;b07a773bcb10b4f14f33d2b0e8ec58ba;720;1280;143.0
786a1882-85e7-41d6-bb7d-f3159e3aec22;Ą;true;22;70;db573f94204e56e0cf3fc2ea000e5bdc;1280;720;112.0
8d514e04-016d-4f56-b8f3-338b3a033a5f;Ą;true;10;48;0211b488644476dd0fec656ccb9b74fc;1920;1080;70.0
b20b8829-b443-45e8-8ae0-5a9652ccfdf7;Ą;true;30;78;95af8e702c909eee7145c6dc1a3d756b;1280;720;82.0
cc5654b3-b004-4b28-bfa0-aea8f6484398;Ą;true;21;80;b07a773bcb10b4f14f33d2b0e8ec58ba;720;1280;108.0
cd31a981-0638-4ac3-bcdd-3cacf724c827;Ą;true;3;61;db573f94204e56e0cf3fc2ea000e5bdc;1280;720;112.0
df5b08f0-41d1-4572-889c-8b893e71069b;Ą;true;36;76;185bd3a81d9d618518d10abebf0d17a8;1920;1080;150.0
3b02ff8b-999f-43ad-a933-ee89a4b69e9d;Ą;false;13;63;87fe0712fdd150ecc8d02cbbb2e047d6;1280;720;71.0
8ea29713-6375-40a7-898e-7c6a82ce5fe6;Ą;false;0;41;3dd2ce2659aada17b976390004ebe322;1920;886;68.0
bfb2d7ae-0f6c-4e20-b087-0965641d34ff;Ą;false;18;47;0ab4f8e463cdded2e59d6001f4e1b487;1080;1920;82.0
cb6151a7-7004-4c28-a71f-e8fd4872f5c1;Ą;false;9;55;ba230d5b794c9a7350356eddd3e9929c;1920;960;72.0
cdff61a5-06fc-425c-9cbd-72e532015e2f;Ą;false;18;69;13c4baf863bfb1aa4ac638650e508d3b;1080;1920;106.0
0d2f1657-fbc7-45a1-857c-7d068904f05f;Į;true;3;52;db573f94204e56e0cf3fc2ea000e5bdc;1280;720;96.0
26597670-0aab-41e2-97c1-0231207bb8e4;Į;true;6;58;46dd04a1caa75ed3082b573cb5a3ad26;1920;1080;89.0
3c7688ae-5cfe-43b1-9784-bace12d2a5dc;Į;true;54;133;b07a773bcb10b4f14f33d2b0e8ec58ba;720;1280;173.0
41c4958b-7bb4-4ba2-94b3-ac368ca172e2;Į;true;13;51;0211b488644476dd0fec656ccb9b74fc;1920;1080;87.0
4fc3740c-6919-42ef-a7be-a64a8fe11543;Į;true;14;66;185bd3a81d9d618518d10abebf0d17a8;1920;1080;105.0
6a97925a-e200-4472-bb98-1688c40dc215;Į;true;18;64;0211b488644476dd0fec656ccb9b74fc;1920;1080;93.0
9603023d-a2e3-449b-8f68-2e345bb5ca6e;Į;true;35;118;185bd3a81d9d618518d10abebf0d17a8;1920;1080;169.0
97e13c10-7b3f-4095-ba1c-da9841e4de30;Į;true;13;78;db573f94204e56e0cf3fc2ea000e5bdc;1280;720;107.0
a0e75d03-71f3-4618-8ea9-6fb0046a7889;Į;true;13;39;0211b488644476dd0fec656ccb9b74fc;1920;1080;71.0
a7cae049-92ba-4f2e-b799-54f8d3077342;Į;true;20;97;b07a773bcb10b4f14f33d2b0e8ec58ba;720;1280;134.0
ab97b93b-1a28-437c-9a3a-deb5b430bea2;Į;true;2;48;95af8e702c909eee7145c6dc1a3d756b;1280;720;79.0
d9171a06-bbad-4278-95b7-4e8c1b551e2d;Į;true;3;79;95af8e702c909eee7145c6dc1a3d756b;1280;720;99.0
e18533fe-d427-4dd9-8834-0a8b1c95240e;Į;true;1;39;46dd04a1caa75ed3082b573cb5a3ad26;1920;822;73.0
e4750e7d-76d5-4950-9f9c-4c38ba5f34cb;Į;true;0;35;46dd04a1caa75ed3082b573cb5a3ad26;1920;822;83.0
eb40b664-58e8-45a7-83ef-d1fcf849c894;Į;true;33;77;185bd3a81d9d618518d10abebf0d17a8;1920;1080;123.0
022038fa-24cd-4a99-8ae5-683ee99b3b2a;Į;false;22;71;0ab4f8e463cdded2e59d6001f4e1b487;1080;1920;115.0
15278242-9823-4549-bb75-e9468c603cae;Į;false;78;180;1860c7f3605089bf0eff0c4e72c7add4;1440;1440;117.0
547df2d2-0732-4a62-aa7f-07a8ff9cc27b;Į;false;11;39;12c7911f38c7113ce13c71dbd785ce22;1920;1080;61.0
555eaa37-5740-4584-8478-011a73a6200d;Į;false;17;98;87fe0712fdd150ecc8d02cbbb2e047d6;1280;720;99.0
72942dc6-618a-46fe-9ef6-b52761b507f0;Į;false;21;96;a356848cf0a72f961b81ebb6716f6131;1920;1080;116.0
0a1b79d6-3b30-4fc8-8755-365c17884892;Ā;true;1;50;db573f94204e56e0cf3fc2ea000e5bdc;1280;720;112.0
29e43901-fe05-4c27-a708-590961e7a607;Ā;true;8;49;0211b488644476dd0fec656ccb9b74fc;1920;1080;79.0
2bd6772f-f643-4569-81b1-719ed57a407e;Ā;true;0;36;db573f94204e56e0cf3fc2ea000e5bdc;1280;720;87.0
38fa29d6-0fb1-4ac8-ad0d-1fa490163ad6;Ā;true;29;73;0211b488644476dd0fec656ccb9b74fc;1080;1920;105.0
41398cb0-2788-4049-8462-0a97dae09f68;Ā;true;4;56;db573f94204e56e0cf3fc2ea000e5bdc;1280;720;97.0
4bbaee59-7610-4bcb-ba8c-ebcba3870e74;Ā;true;28;95;185bd3a81d9d618518d10abebf0d17a8;1920;1080;136.0
5278ce9e-c924-45e0-9b8f-9ac1bd82e0e8;Ā;true;10;37;0211b488644476dd0fec656ccb9b74fc;1920;1080;62.0
6aa5782f-27bb-4479-8c34-831ae37078f1;Ā;true;13;55;db573f94204e56e0cf3fc2ea000e5bdc;1280;720;112.0
8abb76f4-ff9f-47b7-a06c-63737d29829f;Ā;true;24;68;0211b488644476dd0fec656ccb9b74fc;1920;1080;100.0
a6082f4e-7ab5-4fb7-92fe-5e27efd3a638;Ā;true;20;62;db573f94204e56e0cf3fc2ea000e5bdc;1280;720;106.0
ba9bfcd8-0818-4901-af92-99c252c0f5e8;Ā;true;8;40;0211b488644476dd0fec656ccb9b74fc;1920;1080;58.0
cb6d8c2d-73c1-45e8-b8b5-dfc138f1accb;Ā;true;24;56;0211b488644476dd0fec656ccb9b74fc;1920;1080;99.0
eadab981-b81a-4965-940d-dc3659613d51;Ā;true;7;46;db573f94204e56e0cf3fc2ea000e5bdc;1280;720;108.0
eebce3f6-58c8-4855-b3e4-cb6dbb9e97ec;Ā;true;23;70;db573f94204e56e0cf3fc2ea000e5bdc;1280;720;121.0
f53bacd3-0121-482d-87ed-bf3a7e12b7b5;Ā;true;1;41;0211b488644476dd0fec656ccb9b74fc;1920;1080;71.0
1edbe1b4-5d96-4c0d-b358-18a82fbf7bd8;Ā;false;12;62;bcf5a67e65444f6c1d3119b5d6c3558b;1920;1080;85.0
5dfcb5c2-2624-42c4-89d2-16d8a0d3d8bc;Ā;false;7;87;87fe0712fdd150ecc8d02cbbb2e047d6;1280;720;51.0
69f0acac-e5b0-4efc-846e-011eade40911;Ā;false;11;50;0ab4f8e463cdded2e59d6001f4e1b487;1080;1920;93.0
89baa1bb-746f-44c1-8c24-3183bf2356fa;Ā;false;2;42;3dd2ce2659aada17b976390004ebe322;1920;886;75.0
d73e37ce-3e3e-407a-a144-377aa0843cf5;Ā;false;24;73;1860c7f3605089bf0eff0c4e72c7add4;1440;1440;106.0
0702812e-e3f3-46ea-a11f-cd82d012c381;Ć;true;16;44;0211b488644476dd0fec656ccb9b74fc;1920;1080;70.0
1e5f72a7-5e90-4339-b4be-b3368a25ae8b;Ć;true;19;90;185bd3a81d9d618518d10abebf0d17a8;1920;1080;125.0
3c3fa1e0-3f45-4d1a-ab3b-5450a3c74e64;Ć;true;5;53;db573f94204e56e0cf3fc2ea000e5bdc;1280;720;96.0
558b9078-87d9-4fb9-8182-456b55215f5c;Ć;true;2;39;46dd04a1caa75ed3082b573cb5a3ad26;1920;822;77.0
5cc93e00-3d85-45d8-b1ea-df2ce3fe374b;Ć;true;15;62;46dd04a1caa75ed3082b573cb5a3ad26;1920;1080;102.0
68656311-631c-45be-8f80-76fbc85913fe;Ć;true;27;77;db573f94204e56e0cf3fc2ea000e5bdc;1280;720;139.0
7804f4a2-5eb8-4924-b554-a06d42bd9d56;Ć;true;3;53;db573f94204e56e0cf3fc2ea000e5bdc;1280;720;98.0
7f71d47a-2381-4881-8301-96ddb7f559b9;Ć;true;35;71;b07a773bcb10b4f14f33d2b0e8ec58ba;720;1280;125.0
9463784a-a8ce-4449-b468-89fb1d87dc03;Ć;true;14;79;db573f94204e56e0cf3fc2ea000e5bdc;1280;720;128.0
a445a9f7-0027-4307-a81c-6e7e06081dde;Ć;true;29;71;0211b488644476dd0fec656ccb9b74fc;1080;1920;120.0
b2278742-7685-43f9-823e-e957d9862b66;Ć;true;15;64;185bd3a81d9d618518d10abebf0d17a8;1920;1080;88.0
b7587b70-fc8c-4579-ba5e-690c142ab957;Ć;true;54;98;b07a773bcb10b4f14f33d2b0e8ec58ba;720;1280;155.0
c183e11e-c7ed-47be-892c-01bd00035d3e;Ć;true;7;41;0211b488644476dd0fec656ccb9b74fc;1920;1080;78.0
d18392a6-feba-45bb-a01e-8a5c57c16885;Ć;true;4;44;185bd3a81d9d618518d10abebf0d17a8;1920;1080;100.0
e0020335-d148-4338-bddb-970730114358;Ć;true;7;49;46dd04a1caa75ed3082b573cb5a3ad26;1920;822;92.0
6fe5b14e-aa13-45dd-8035-3d1ab5b096c6;Ć;false;20;99;87fe0712fdd150ecc8d02cbbb2e047d6;1280;720;101.0
887b8890-8b2b-4490-9073-54e58e29996f;Ć;false;6;42;0ab4f8e463cdded2e59d6001f4e1b487;1080;1920;63.0
88ea78e4-1bc5-48fa-88bd-d2a643c3dbef;Ć;false;34;86;1860c7f3605089bf0eff0c4e72c7add4;1440;1440;123.0
99760140-eec3-4857-9710-019c67fec84b;Ć;false;52;119;63db05b188249dbd9ce7cc98fe205e1f;1920;1080;185.0
99dfb83e-ca88-42df-a6a7-718e31c179cc;Ć;false;9;59;9f9b13d8e63bd774b4ad1bd14f56147d;720;1280;81.0
080a7c4b-48e3-4355-b065-791808a7dff5;Ä;true;2;48;db573f94204e56e0cf3fc2ea000e5bdc;1280;720;92.0
13882d04-6089-4ebf-b43a-3d692367dcff;Ä;true;50;121;b07a773bcb10b4f14f33d2b0e8ec58ba;720;1280;165.0
2225775d-2fb2-4e3b-be84-b3679dc1a4fb;Ä;true;35;101;185bd3a81d9d618518d10abebf0d17a8;1920;1080;139.0
2b9ceb27-0574-4c1b-879c-d52a595785bd;Ä;true;16;59;0211b488644476dd0fec656ccb9b74fc;1920;1080;94.0
50e21cdf-1864-4737-97a4-80a1fadcf155;Ä;true;11;63;db573f94204e56e0cf3fc2ea000e5bdc;1280;720;111.0
5af41d9b-c1da-48bb-8cad-eee759920b0c;Ä;true;32;90;0211b488644476dd0fec656ccb9b74fc;1080;1920;121.0
60db3c14-94f6-497b-a750-a631bc74b7f3;Ä;true;11;61;185bd3a81d9d618518d10abebf0d17a8;1920;1080;99.0
8fcb195c-3c36-40b1-b168-de4e0a8702bf;Ä;true;10;48;0211b488644476dd0fec656ccb9b74fc;1920;1080;87.0
a0f50df9-2138-452e-b0c7-3eb4ad1b9136;Ä;true;31;86;185bd3a81d9d618518d10abebf0d17a8;1920;1080;124.0
c2161a5f-5b07-4af0-8097-f306938967e9;Ä;true;11;63;46dd04a1caa75ed3082b573cb5a3ad26;1920;1080;93.0
c56947aa-0d08-4e02-bc29-09d402af7e30;Ä;true;7;44;46dd04a1caa75ed3082b573cb5a3ad26;1920;822;81.0
cdcb451b-5668-47ae-8533-87c12669aaca;Ä;true;16;57;db573f94204e56e0cf3fc2ea000e5bdc;1280;720;114.0
e47b9938-1283-4637-ba63-23a466638c2f;Ä;true;3;46;46dd04a1caa75ed3082b573cb5a3ad26;1920;822;77.0
ef30b95b-897a-405a-b029-4bf5d69147c9;Ä;true;19;57;db573f94204e56e0cf3fc2ea000e5bdc;1280;720;98.0
f8fdb517-47ed-49ac-a1ae-974cb7f5952d;Ä;true;16;61;46dd04a1caa75ed3082b573cb5a3ad26;1920;822;109.0
0bd0c3d7-ee65-4ecb-8a48-f0ecf06db980;Ä;false;70;119;0ceb69ca37aa3e44528c7ce03c329479;1920;1080;187.0
1834eaf8-e9a6-4011-8e21-b6f0bd1728b1;Ä;false;18;73;0ab4f8e463cdded2e59d6001f4e1b487;1080;1920;94.0
1b209b07-3287-4910-8d31-c4dbe0ff0d81;Ä;false;13;70;13c4baf863bfb1aa4ac638650e508d3b;1080;1920;75.0
21e63b4c-1142-4c8b-b907-cbd15564c5d8;Ä;false;12;68;ca6b767f0cccf093ba737ae2fc4fec3d;1920;1080;85.0
838e1654-0677-4730-8859-26332d7a8a16;Ä;false;3;45;ba230d5b794c9a7350356eddd3e9929c;1920;960;46.0
03e89c9f-fcb2-4431-9afa-337766b3b472;Å;true;4;61;db573f94204e56e0cf3fc2ea000e5bdc;1280;720;99.0
071f0400-ee14-42dc-8595-92efcf977725;Å;true;15;65;185bd3a81d9d618518d10abebf0d17a8;1920;1080;112.0
0ec15dc3-019e-4af1-be19-d03eab886715;Å;true;16;33;0211b488644476dd0fec656ccb9b74fc;1920;1080;69.0
190846b1-d1a1-46fe-8efd-54a29cde119f;Å;true;0;43;0211b488644476dd0fec656ccb9b74fc;1920;1080;73.0
298d8d03-b370-4fe3-ac24-7c882878196a;Å;true;12;50;0211b488644476dd0fec656ccb9b74fc;1920;1080;77.0
3e224844-3d7e-4978-b252-a0dc55a12b4f;Å;true;47;106;b07a773bcb10b4f14f33d2b0e8ec58ba;720;1280;141.0
446d1b8f-6182-4199-b283-05409aa32c72;Å;true;34;89;b07a773bcb10b4f14f33d2b0e8ec58ba;720;1280;129.0
57b4d5da-0ea7-4cc3-a45c-1dc3e730a327;Å;true;33;91;185bd3a81d9d618518d10abebf0d17a8;1920;1080;128.0
b5e4d436-d6c3-4fa0-a1de-3768d05d215e;Å;true;0;55;db573f94204e56e0cf3fc2ea000e5bdc;1280;720;96.0
b63d4098-59aa-4dc6-9e7a-479c9f56aa0a;Å;true;0;63;b07a773bcb10b4f14f33d2b0e8ec58ba;720;1280;106.0
d0385101-125d-4092-8886-db51aba67bbd;Å;true;7;37;46dd04a1caa75ed3082b573cb5a3ad26;1920;822;92.0
e3add916-c708-4339-ad98-7e2740be29e9;Å;true;43;107;185bd3a81d9d618518d10abebf0d17a8;1920;1080;144.0
ebf18d89-67e4-4be0-9935-f536d0695abb;Å;true;16;56;46dd04a1caa75ed3082b573cb5a3ad26;1920;822;100.0
f0b7d43f-421c-406a-848f-108579dd0b30;Å;true;11;75;db573f94204e56e0cf3fc2ea000e5bdc;1280;720;121.0
fe6591da-0698-4e79-83e9-a91ce981571f;Å;true;18;65;46dd04a1caa75ed3082b573cb5a3ad26;1920;1080;101.0
307662be-056c-4d9b-a4e4-5ffbbb897bfb;Å;false;14;93;87fe0712fdd150ecc8d02cbbb2e047d6;1280;720;94.0
3689b008-b621-4bff-8f1e-716f25f90d50;Å;false;2;50;3dd2ce2659aada17b976390004ebe322;1920;886;86.0
3ee50df3-753a-4728-9d95-b7e040ad7afd;Å;false;6;64;0ab4f8e463cdded2e59d6001f4e1b487;1080;1920;83.0
6ca46e3f-d809-4735-9ff0-e6582035643a;Å;false;41;67;d2b4042ec6d8505a41b809e64d5adb7c;1920;1080;75.0
dcd76258-4e88-48b3-a129-a71606d5c40a;Å;false;39;108;1860c7f3605089bf0eff0c4e72c7add4;1440;1440;137.0
0b4d353d-bac0-49c8-8e23-57a1fbc9f66a;Ø;true;24;78;185bd3a81d9d618518d10abebf0d17a8;1920;1080;121.0
0fd7be35-1034-4ebb-9053-c5e46f464a8f;Ø;true;8;47;0211b488644476dd0fec656ccb9b74fc;1920;1080;70.0
1714ec04-8ad7-47c5-8d16-cd113b20a94e;Ø;true;14;56;0211b488644476dd0fec656ccb9b74fc;1920;1080;98.0
195f61c3-1978-4b5a-ab38-40acc6ae9176;Ø;true;7;53;db573f94204e56e0cf3fc2ea000e5bdc;1280;720;111.0
1dbbe10a-d0d1-43a5-822a-dcbba52d58c4;Ø;true;7;62;185bd3a81d9d618518d10abebf0d17a8;1920;1080;107.0
25fef97a-25fa-4301-900b-0e1f720cc1b3;Ø;true;14;66;db573f94204e56e0cf3fc2ea000e5bdc;1280;720;115.0
44e8d2a0-7e01-450b-90b0-beb7400d2c1e;Ø;true;36;112;185bd3a81d9d618518d10abebf0d17a8;1920;1080;156.0
6536fa08-4cbf-4d2e-9c59-91a96490b17d;Ø;true;4;37;46dd04a1caa75ed3082b573cb5a3ad26;1920;822;78.0
6bc3898c-b61b-4f2c-8068-eae46c70d935;Ø;true;15;81;0211b488644476dd0fec656ccb9b74fc;1920;1080;104.0
7f36d328-7812-4a78-be00-7a5e6b93d662;Ø;true;7;50;46dd04a1caa75ed3082b573cb5a3ad26;1920;822;91.0
85df1544-5aa8-4136-811d-7725c73a5e32;Ø;true;56;118;b07a773bcb10b4f14f33d2b0e8ec58ba;720;1280;161.0
ba2cf7e8-01ea-49fc-854d-542e62a6afc1;Ø;true;21;64;b07a773bcb10b4f14f33d2b0e8ec58ba;720;1280;95.0
cf80a3f7-72db-4760-b61a-9e9790b1556d;Ø;true;24;81;b07a773bcb10b4f14f33d2b0e8ec58ba;720;1280;113.0
d3776bf0-31a9-4908-8304-1269419fb589;Ø;true;29;96;46dd04a1caa75ed3082b573cb5a3ad26;1920;1080;124.0
dde71173-2834-426e-b09f-88478a19e7d2;Ø;true;0;38;db573f94204e56e0cf3fc2ea000e5bdc;1280;720;88.0
22a5521c-f197-4c62-865a-6d3b0f925cd8;Ø;false;17;54;0ab4f8e463cdded2e59d6001f4e1b487;1080;1920;79.0
2611114d-d107-4a26-b251-5be4767bdcf8;Ø;false;1;64;a356848cf0a72f961b81ebb6716f6131;1920;1080;105.0
3475a808-88c7-4ccc-8a85-7d9384e1edc2;Ø;false;1;45;ba230d5b794c9a7350356eddd3e9929c;1920;960;46.0
cec195f6-2bff-4ce4-a215-6e81c60d8d45;Ø;false;1;41;3dd2ce2659aada17b976390004ebe322;1920;886;70.0
f35ea4cc-44f1-44de-8729-2f5ea9edfffc;Ø;false;18;91;87fe0712fdd150ecc8d02cbbb2e047d6;1280;720;99.0
014e7728-2e05-40dc-b43b-1a820769b186;Ę;true;4;45;46dd04a1caa75ed3082b573cb5a3ad26;1920;822;89.0
033fbba1-1f34-4804-a0c3-bb77dfd038ab;Ę;true;2;60;db573f94204e56e0cf3fc2ea000e5bdc;1280;720;97.0
04f032ae-3b7d-4511-b799-959d35c1010e;Ę;true;2;57;db573f94204e56e0cf3fc2ea000e5bdc;1280;720;114.0
3ef363c9-64e1-496a-a385-b831d9c72a7c;Ę;true;9;72;46dd04a1caa75ed3082b573cb5a3ad26;1920;1080;107.0
3f0e0fbd-e1b4-4377-8ea9-1f056d732b2c;Ę;true;11;65;185bd3a81d9d618518d10abebf0d17a8;1920;1080;87.0
5394b48c-6451-4f95-9834-6b2259f6cafd;Ę;true;27;62;b07a773bcb10b4f14f33d2b0e8ec58ba;720;1280;110.0
54d3779f-9897-4701-9f37-cadd4d8f301d;Ę;true;14;58;0211b488644476dd0fec656ccb9b74fc;1920;1080;86.0
5d507b72-9623-47d2-b23b-934ede6c2406;Ę;true;29;75;185bd3a81d9d618518d10abebf0d17a8;1920;1080;118.0
6c571b2c-558e-4d06-bbba-ddb4aca29c97;Ę;true;60;131;b07a773bcb10b4f14f33d2b0e8ec58ba;720;1280;181.0
ae4ed66d-1411-4ae6-86f0-dcaa12637e51;Ę;true;12;65;b07a773bcb10b4f14f33d2b0e8ec58ba;720;1280;77.0
cb52db9e-2842-4250-b438-4c922e197299;Ę;true;12;66;db573f94204e56e0cf3fc2ea000e5bdc;1280;720;112.0
f0b664f8-037f-45e0-9b6e-c48b0f6e2f4b;Ę;true;14;65;0211b488644476dd0fec656ccb9b74fc;1080;1920;101.0
f280cfb6-95b4-4430-81ea-a50963151332;Ę;true;5;25;0211b488644476dd0fec656ccb9b74fc;1920;1080;57.0
f340cd75-e287-46b6-a714-f7b1649ba02e;Ę;true;12;62;185bd3a81d9d618518d10abebf0d17a8;1920;1080;106.0
f5418e07-b326-4d28-a3ca-456652d7adb6;Ę;true;4;42;46dd04a1caa75ed3082b573cb5a3ad26;1920;822;83.0
0e40e4f5-9d10-4ccc-8cc6-22433d7a424f;Ę;false;5;50;3dd2ce2659aada17b976390004ebe322;1920;886;84.0
36310c20-ba6c-4433-9d66-e4f53ba9a1f4;Ę;false;8;51;ca6b767f0cccf093ba737ae2fc4fec3d;1920;1080;52.0
3cc13204-5f08-4ffe-8f4b-451862ddf269;Ę;false;15;70;87fe0712fdd150ecc8d02cbbb2e047d6;1280;720;78.0
4bc69fbb-a8e8-49a3-a921-59d7553d1107;Ę;false;1;61;0ab4f8e463cdded2e59d6001f4e1b487;1080;1920;74.0
94d2fd2f-b29a-4210-a2cd-4a4e237f9cb1;Ę;false;17;66;1860c7f3605089bf0eff0c4e72c7add4;1440;1440;94.0
05f47963-0032-4783-a853-4d96c7a976d1;Ē;true;2;40;46dd04a1caa75ed3082b573cb5a3ad26;1920;1080;76.0
0987f6df-f619-46ac-ae6d-ebcde2cff08b;Ē;true;15;60;185bd3a81d9d618518d10abebf0d17a8;1920;1080;103.0
3f0389e8-fe70-41b0-806d-8c1aae3d20c1;Ē;true;8;55;185bd3a81d9d618518d10abebf0d17a8;1920;1080;87.0
566caec4-9578-44d1-8034-ee82a87e9dd0;Ē;true;25;77;185bd3a81d9d618518d10abebf0d17a8;1920;1080;120.0
65dc174d-cd0a-47f8-860a-faf810214a38;Ē;true;4;37;95af8e702c909eee7145c6dc1a3d756b;1280;720;84.0
8796b6a0-18bd-46cf-899f-1cb2debd78a6;Ē;true;60;114;b07a773bcb10b4f14f33d2b0e8ec58ba;720;1280;161.0
95c2676d-527c-48c8-b7a3-dd15c19d24f8;Ē;true;5;38;46dd04a1caa75ed3082b573cb5a3ad26;1920;822;77.0
aeb35848-53c4-4386-86b2-1c56c99a4396;Ē;true;12;54;46dd04a1caa75ed3082b573cb5a3ad26;1920;822;94.0
b591e692-7ef5-4d89-8db4-ba324b8056f0;Ē;true;4;48;db573f94204e56e0cf3fc2ea000e5bdc;1280;720;91.0
c26f2b43-2fd9-4282-99b9-ecd7d230ecab;Ē;true;14;63;0211b488644476dd0fec656ccb9b74fc;1920;1080;96.0
dded1e18-cda0-4d58-bc42-079caf9a9a20;Ē;true;9;55;0211b488644476dd0fec656ccb9b74fc;1920;1080;92.0
dee5f59b-ff8e-4f7c-8a9a-6cbb810b1263;Ē;true;10;49;db573f94204e56e0cf3fc2ea000e5bdc;1280;720;94.0
eb72178c-7020-4cff-9123-2c1a90695d41;Ē;true;30;89;95af8e702c909eee7145c6dc1a3d756b;1280;720;116.0
ee0947bb-819e-47c7-beb7-dba965a577cb;Ē;true;14;56;db573f94204e56e0cf3fc2ea000e5bdc;1280;720;113.0
f55cfac2-fce1-4d4a-a2ed-d2b6abcaa640;Ē;true;22;68;b07a773bcb10b4f14f33d2b0e8ec58ba;720;1280;102.0
3653582b-e781-4e8e-8dc7-1922378df6da;Ē;false;20;61;87fe0712fdd150ecc8d02cbbb2e047d6;1280;720;91.0
407b7173-ed12-4c66-85f0-6a6854ba0415;Ē;false;7;64;0ab4f8e463cdded2e59d6001f4e1b487;1080;1920;91.0
82f0b934-f513-4d0c-8a32-a970391c27f2;Ē;false;42;81;7c989fdb633be7453228f7c650097205;1920;1080;112.0
8609c971-e924-4da0-b70a-a8f5df2fc235;Ē;false;14;72;2f11d03d9545598bd9d3e8af7dd14f9d;1920;1080;118.0
b872dac5-4f26-4071-9243-8a48916880de;Ē;false;9;52;1860c7f3605089bf0eff0c4e72c7add4;1440;1440;77.0
009e5f36-b170-4665-9515-35f916ef79a8;Č;true;5;56;0211b488644476dd0fec656ccb9b74fc;1920;1080;83.0
069b6e26-e174-42f4-a33a-41b2a435d77f;Č;true;15;70;db573f94204e56e0cf3fc2ea000e5bdc;1280;720;113.0
10a793c0-1456-462f-857d-40b2130f247b;Č;true;0;43;db573f94204e56e0cf3fc2ea000e5bdc;1280;720;84.0
10d560ed-df35-4184-9773-2504496842e2;Č;true;6;37;0211b488644476dd0fec656ccb9b74fc;1920;1080;73.0
1aee9729-7053-41e6-88f6-2d5574b49c12;Č;true;16;71;db573f94204e56e0cf3fc2ea000e5bdc;1280;720;119.0
5d1400e1-99ef-4ecb-92bd-25a0ae21172e;Č;true;16;50;db573f94204e56e0cf3fc2ea000e5bdc;1280;720;110.0
7585ea68-08c7-40b5-85d8-0a096aedb1a8;Č;true;14;48;0211b488644476dd0fec656ccb9b74fc;1920;1080;63.0
7a47849a-deda-4f5a-8911-ae62dec1e68e;Č;true;10;39;db573f94204e56e0cf3fc2ea000e5bdc;1280;720;113.0
a0f1ae73-bb6a-44a5-9563-95348ec99187;Č;true;5;35;0211b488644476dd0fec656ccb9b74fc;1920;1080;61.0
d0982921-266d-4d78-b40e-84f9646b6faa;Č;true;11;38;db573f94204e56e0cf3fc2ea000e5bdc;1280;720;98.0
d974ecaf-223a-4846-be56-f271ee71b2e8;Č;true;9;29;0211b488644476dd0fec656ccb9b74fc;1920;1080;57.0
ee6b2736-ba5f-42b8-a6c8-f641ed891f36;Č;true;14;46;db573f94204e56e0cf3fc2ea000e5bdc;1280;720;108.0
f07a425a-bbc0-4b07-b61c-b3b6dddada1c;Č;true;14;44;0211b488644476dd0fec656ccb9b74fc;1920;1080;88.0
f692b9c7-364e-4185-b4e0-22c92ad73d28;Č;true;21;47;0211b488644476dd0fec656ccb9b74fc;1920;1080;95.0
ffaf2d26-7ea6-4ad8-bce9-fc6ae1d97fe7;Č;true;6;46;0211b488644476dd0fec656ccb9b74fc;1920;1080;77.0
0203c760-a9ad-4bc5-b421-fe90ed6e2a96;Č;false;6;66;0ab4f8e463cdded2e59d6001f4e1b487;1080;1920;81.0
1e282d21-a69f-4339-b067-2727afb4d72e;Č;false;12;78;1860c7f3605089bf0eff0c4e72c7add4;1440;1440;104.0
219c26ae-3baa-4d8c-99d7-8026984e5875;Č;false;7;46;bcf5a67e65444f6c1d3119b5d6c3558b;1920;1080;82.0
2d5feb63-c97a-40bd-90f8-f54d05884f9e;Č;false;17;90;87fe0712fdd150ecc8d02cbbb2e047d6;1280;720;53.0
d269b626-d79e-4562-845d-baf0a57ae216;Č;false;0;39;3dd2ce2659aada17b976390004ebe322;1920;886;67.0
105ce894-0697-41c3-954e-6f52e88e5653;É;true;15;62;db573f94204e56e0cf3fc2ea000e5bdc;1280;720;111.0
3bb97d01-f1e9-45a7-b6c5-0152c91cc71f;É;true;21;74;95af8e702c909eee7145c6dc1a3d756b;1280;720;100.0
3ecf2ec3-b60c-4deb-aca8-5b92d2aebc8d;É;true;20;51;db573f94204e56e0cf3fc2ea000e5bdc;1280;720;92.0
4a812789-54f3-45c5-bb49-af77861c2598;É;true;6;60;db573f94204e56e0cf3fc2ea000e5bdc;1280;720;98.0
53e6bfc5-de91-49f4-96de-1269f3a75330;É;true;0;38;46dd04a1caa75ed3082b573cb5a3ad26;1920;1080;66.0
80bd23cc-1fad-4670-b00c-96aae0776321;É;true;15;58;95af8e702c909eee7145c6dc1a3d756b;1280;720;83.0
942a943a-60b8-438d-a1b7-dd71b58a0b07;É;true;11;47;46dd04a1caa75ed3082b573cb5a3ad26;1920;822;90.0
a5948d20-283a-45d4-8ab3-9c63f35db522;É;true;38;112;185bd3a81d9d618518d10abebf0d17a8;1920;1080;161.0
c2210649-f49d-4b3d-a77f-1efd76642f3e;É;true;12;45;0211b488644476dd0fec656ccb9b74fc;1920;1080;69.0
c4bc4549-b0f1-412d-b501-2fbb7f5b89de;É;true;5;51;0211b488644476dd0fec656ccb9b74fc;1920;1080;78.0
cabb73b8-bf68-4b63-981e-6e4d10c5211d;É;true;13;64;b07a773bcb10b4f14f33d2b0e8ec58ba;720;1280;83.0
d0485aa8-5b61-4fb7-a224-aaa31239ae5e;É;true;3;36;46dd04a1caa75ed3082b573cb5a3ad26;1920;822;81.0
dcbe8706-6f0c-4da4-942c-0e61316e86af;É;true;10;55;185bd3a81d9d618518d10abebf0d17a8;1920;1080;100.0
dffb75f5-117f-4b98-935c-df1fbf77bba8;É;true;23;91;185bd3a81d9d618518d10abebf0d17a8;1920;1080;125.0
e63da25a-96ea-4791-aa12-d44630664e5e;É;true;49;111;0211b488644476dd0fec656ccb9b74fc;1080;1920;133.0
318d1f95-91fb-4413-9563-2f6f44160381;É;false;13;93;1860c7f3605089bf0eff0c4e72c7add4;1440;1440;131.0
582cd0a7-3ecd-4372-ac0f-cbfeabfde9b7;É;false;6;51;0ab4f8e463cdded2e59d6001f4e1b487;1080;1920;73.0
693a4af4-fd08-457f-8287-79bda58dba52;É;false;11;57;13c4baf863bfb1aa4ac638650e508d3b;1080;1920;96.0
d843b3cb-40ab-4bf9-8cf2-9bc8362f91e3;É;false;18;73;12c7911f38c7113ce13c71dbd785ce22;1920;1080;120.0
f5f799e2-537f-4353-ac7d-384098225f6d;É;false;0;36;3dd2ce2659aada17b976390004ebe322;1920;886;65.0
0e2aeb87-3bff-4e7a-9ded-52b68498f497;Ź;true;12;38;0211b488644476dd0fec656ccb9b74fc;1920;1080;68.0
16dde43d-6e65-4b3d-ad66-9dc4233ac959;Ź;true;19;53;db573f94204e56e0cf3fc2ea000e5bdc;1280;720;111.0
23bbf299-1221-4ab2-813b-856e52379fe3;Ź;true;24;55;0211b488644476dd0fec656ccb9b74fc;1920;1080;98.0
37b73933-2400-4658-bf6c-744fa0d7ceea;Ź;true;19;50;0211b488644476dd0fec656ccb9b74fc;1920;1080;76.0
4cc0cdad-8517-4dfd-bd25-616c7a0f90b7;Ź;true;8;33;0211b488644476dd0fec656ccb9b74fc;1920;1080;59.0
5588ffe4-5634-4895-a0b2-d4d50e37d5cf;Ź;true;1;50;db573f94204e56e0cf3fc2ea000e5bdc;1280;720;113.0
5ed7a1f8-6190-4bca-ac27-b5adc1e0f8d4;Ź;true;13;58;0211b488644476dd0fec656ccb9b74fc;1920;1080;90.0
6145cb73-59aa-4daa-82a9-d901427698d4;Ź;true;24;51;0211b488644476dd0fec656ccb9b74fc;1920;1080;76.0
660cf570-ed3b-49c0-9f1b-155b106af75b;Ź;true;30;71;db573f94204e56e0cf3fc2ea000e5bdc;1280;720;112.0
745ca1d3-e38a-4e03-96e1-4cb62bb082ae;Ź;true;16;50;db573f94204e56e0cf3fc2ea000e5bdc;1280;720;104.0
b8fb1232-ffac-4ce5-b56d-cc0cc219363f;Ź;true;3;28;0211b488644476dd0fec656ccb9b74fc;1920;1080;62.0
c1f55ce2-b264-450b-aa8e-1bfafcf45fa3;Ź;true;7;33;db573f94204e56e0cf3fc2ea000e5bdc;1280;720;105.0
c41ed60e-19ea-41ed-9b2f-eab43387c3d6;Ź;true;8;57;db573f94204e56e0cf3fc2ea000e5bdc;1280;720;103.0
ca01f22f-e8b7-42ff-8668-932ffbc5fe34;Ź;true;19;55;0211b488644476dd0fec656ccb9b74fc;1920;1080;82.0
e1bd3738-2332-4f25-bd31-67c43bea8674;Ź;true;3;46;db573f94204e56e0cf3fc2ea000e5bdc;1280;720;90.0
1e8be892-ce26-40c4-af23-334a93dee4e6;Ź;false;3;45;2e900e56b0b0d7fe1c3978e6391fbc91;1920;1080;46.0
2b75b8fe-ecb3-4715-9d09-6a8e2af5c6a9;Ź;false;24;69;1860c7f3605089bf0eff0c4e72c7add4;1440;1440;80.0
4120cde4-287e-47bb-8991-e12a225bdbc7;Ź;false;23;72;1860c7f3605089bf0eff0c4e72c7add4;1440;1440;103.0
5a8415dd-3be5-4343-9c4a-9b1c265e1cb4;Ź;false;15;49;0ab4f8e463cdded2e59d6001f4e1b487;1080;1920;77.0
a4c1fd08-8807-4581-8c94-b0a5f3684603;Ź;false;19;64;87fe0712fdd150ecc8d02cbbb2e047d6;1280;720;83.0
0a7eb354-bbf5-4b22-8711-54078de842e3;Ė;true;17;47;0211b488644476dd0fec656ccb9b74fc;1920;1080;84.0
0d50c4f7-2101-4998-bdee-15f2238143e3;Ė;true;17;65;db573f94204e56e0cf3fc2ea000e5bdc;1280;720;115.0
3d120451-d3f6-4dd4-abb1-6ee8c9feb5ba;Ė;true;19;82;0211b488644476dd0fec656ccb9b74fc;1080;1920;113.0
58c76264-f51b-414a-beac-018027922b9c;Ė;true;9;53;46dd04a1caa75ed3082b573cb5a3ad26;1920;822;94.0
715106a3-6028-4faa-a409-c8dca9c16c5e;Ė;true;17;69;db573f94204e56e0cf3fc2ea000e5bdc;1280;720;120.0
77aa8bfb-d3d2-4835-a3ce-baad62a0481c;Ė;true;2;38;0211b488644476dd0fec656ccb9b74fc;1920;1080;66.0
862a7a4c-253a-4ba6-9815-a96891017a59;Ė;true;27;98;185bd3a81d9d618518d10abebf0d17a8;1920;1080;136.0
864a4701-e32c-49bc-9b60-cacfa1fdb0f6;Ė;true;6;33;46dd04a1caa75ed3082b573cb5a3ad26;1920;822;78.0
88448b9a-8237-4c04-9840-bf288842ddf4;Ė;true;51;99;b07a773bcb10b4f14f33d2b0e8ec58ba;720;1280;152.0
97782496-bcab-4dd9-b20a-02108149b3ef;Ė;true;13;68;db573f94204e56e0cf3fc2ea000e5bdc;1280;720;105.0
9c05f71d-19d6-4067-b75c-4322b4e14df6;Ė;true;1;56;db573f94204e56e0cf3fc2ea000e5bdc;1280;720;101.0
a4f7606c-7202-4e5f-b4fb-73ae07b801f0;Ė;true;32;79;b07a773bcb10b4f14f33d2b0e8ec58ba;720;1280;107.0
bbb5ba86-66f0-412d-91c0-858a991949c3;Ė;true;15;57;46dd04a1caa75ed3082b573cb5a3ad26;1920;1080;92.0
bce51007-48c0-43a3-b8a1-22f0ce45981a;Ė;true;11;52;185bd3a81d9d618518d10abebf0d17a8;1920;1080;100.0
eced728b-ec24-4f91-a967-7377542a23e6;Ė;true;31;107;185bd3a81d9d618518d10abebf0d17a8;1920;1080;150.0
308e5a8a-76e5-4351-9f93-dccc66576807;Ė;false;11;56;0ab4f8e463cdded2e59d6001f4e1b487;1080;1920;77.0
48891c96-f1b3-4e8d-bfbc-b1f4706b2bb0;Ė;false;40;73;0ceb69ca37aa3e44528c7ce03c329479;1920;1080;137.0
489d7385-21bf-4fab-adf1-ba79cf1c1ed4;Ė;false;5;37;12c7911f38c7113ce13c71dbd785ce22;1920;1080;75.0
49cd6e20-a39c-49e2-a80e-ad8b088f1079;Ė;false;7;52;1860c7f3605089bf0eff0c4e72c7add4;1440;1440;67.0
d03ffd86-32d1-4c53-985c-8825efc9308d;Ė;false;11;58;13c4baf863bfb1aa4ac638650e508d3b;1080;1920;69.0
0b660cb2-1d88-4bc1-b7fe-3310cd8ce297;Ģ;true;32;75;185bd3a81d9d618518d10abebf0d17a8;1920;1080;124.0
37105b49-b29b-435b-ac05-e954dff799f8;Ģ;true;63;126;b07a773bcb10b4f14f33d2b0e8ec58ba;720;1280;170.0
640469f8-d647-46a9-be8b-63b45e85416f;Ģ;true;13;64;185bd3a81d9d618518d10abebf0d17a8;1920;1080;90.0
7bdfd104-d31c-4209-9951-1f6b914d6357;Ģ;true;22;75;db573f94204e56e0cf3fc2ea000e5bdc;1280;720;120.0
8d3335ad-5fdb-4804-a1b0-5328bfde4c16;Ģ;true;13;56;95af8e702c909eee7145c6dc1a3d756b;1280;720;73.0
9f18fc88-c464-4e09-bef2-fd562b67bc42;Ģ;true;24;99;b07a773bcb10b4f14f33d2b0e8ec58ba;720;1280;130.0
9f6c8224-121c-4a79-a3d1-bc982573a9f5;Ģ;true;21;86;db573f94204e56e0cf3fc2ea000e5bdc;1280;720;134.0
b1851818-57ea-43e6-bf6f-7c18677d149d;Ģ;true;4;37;46dd04a1caa75ed3082b573cb5a3ad26;1920;822;75.0
b28e75ff-0b1f-487a-84be-593eb8a3c8b6;Ģ;true;20;72;0211b488644476dd0fec656ccb9b74fc;1920;1080;106.0
bb0c3e51-cdf0-4a4b-80a2-2d8548cb6d8f;Ģ;true;15;41;0211b488644476dd0fec656ccb9b74fc;1920;1080;80.0
bba85aaa-cf5d-4720-a476-adca8b9107b5;Ģ;true;0;40;b07a773bcb10b4f14f33d2b0e8ec58ba;720;1280;62.0
c45ee71d-2a35-442a-8a84-40629279afda;Ģ;true;7;52;185bd3a81d9d618518d10abebf0d17a8;1920;1080;91.0
f2da1f31-1c01-47e6-9017-b3c01cde85aa;Ģ;true;6;55;db573f94204e56e0cf3fc2ea000e5bdc;1280;720;100.0
f99bc0b6-5d67-448a-af4d-ad8ba4a639d3;Ģ;true;16;54;46dd04a1caa75ed3082b573cb5a3ad26;1920;822;105.0
fc45bd6a-e1bc-4b8e-9bb8-f6483fe318f0;Ģ;true;8;60;0211b488644476dd0fec656ccb9b74fc;1920;1080;91.0
06e5f4f9-9fb1-4483-8854-3880d02ba722;Ģ;false;40;78;0ab4f8e463cdded2e59d6001f4e1b487;1080;1920;96.0
2990b205-24dc-4331-8727-23b9423a72ad;Ģ;false;24;60;13c4baf863bfb1aa4ac638650e508d3b;1080;1920;92.0
735320c6-55a1-4434-bf49-9d5ea3dd256d;Ģ;false;34;84;1860c7f3605089bf0eff0c4e72c7add4;1440;1440;133.0
a4f15098-6d34-4b41-bfa5-59447bf08560;Ģ;false;39;77;0ceb69ca37aa3e44528c7ce03c329479;1920;1080;132.0
c3ac48e6-979e-4e8d-8f7a-627de0a8d409;Ģ;false;15;81;12c7911f38c7113ce13c71dbd785ce22;1920;1080;104.0
25584258-6ef9-4edc-a956-e3e6a7d0c212;Ķ;true;6;58;db573f94204e56e0cf3fc2ea000e5bdc;1280;720;102.0
2fdc54e6-f9e9-4f62-9222-ef264d43243b;Ķ;true;61;111;b07a773bcb10b4f14f33d2b0e8ec58ba;720;1280;167.0
397a486d-967f-444b-afd8-de1d93d22517;Ķ;true;33;85;0211b488644476dd0fec656ccb9b74fc;1920;1080;114.0
6bbe952a-a8b7-4869-a8d8-42c27ffb019b;Ķ;true;17;69;db573f94204e56e0cf3fc2ea000e5bdc;1280;720;117.0
7060268b-aa1a-4b47-b056-035c84ccda32;Ķ;true;7;47;46dd04a1caa75ed3082b573cb5a3ad26;1920;822;80.0
7a738638-4d2f-406f-8679-10a8f65a73df;Ķ;true;9;68;185bd3a81d9d618518d10abebf0d17a8;1920;1080;107.0
8fb4e5c9-a7df-4bad-b7d7-9d8e497d5a69;Ķ;true;19;56;46dd04a1caa75ed3082b573cb5a3ad26;1920;1080;99.0
9ede40ec-0c67-4a57-8337-0037c0151bb1;Ķ;true;14;66;185bd3a81d9d618518d10abebf0d17a8;1920;1080;84.0
d136ac77-3715-4ba0-8cfd-c8461201f2ee;Ķ;true;30;81;b07a773bcb10b4f14f33d2b0e8ec58ba;720;1280;140.0
d228da91-495a-4d6d-833a-64bf5dfcf26e;Ķ;true;9;54;db573f94204e56e0cf3fc2ea000e5bdc;1280;720;121.0
e1200d57-9b53-4ffa-ab7d-e3e43549e7fc;Ķ;true;34;103;b07a773bcb10b4f14f33d2b0e8ec58ba;720;1280;148.0
e633679b-74c8-43f0-acc4-91602a383515;Ķ;true;25;81;185bd3a81d9d618518d10abebf0d17a8;1920;1080;120.0
e8dfb2b9-e2a0-4561-8063-f869da35ee5b;Ķ;true;6;49;46dd04a1caa75ed3082b573cb5a3ad26;1920;822;90.0
f3f0f711-7e33-4cb8-b984-2a2b7b461475;Ķ;true;4;41;0211b488644476dd0fec656ccb9b74fc;1920;1080;72.0
fbadf5a1-e8c2-4f4b-86d1-311eff8cac9b;Ķ;true;16;59;0211b488644476dd0fec656ccb9b74fc;1920;1080;78.0
016df4ed-6e78-40a1-974f-e5d3d30e5c32;Ķ;false;21;62;1860c7f3605089bf0eff0c4e72c7add4;1440;1440;115.0
45557bda-2f3a-4882-a430-9cfcf5ad149d;Ķ;false;33;63;7c989fdb633be7453228f7c650097205;1920;1080;74.0
49d3d3c3-7288-4a05-96bf-76da3d012b13;Ķ;false;0;39;3dd2ce2659aada17b976390004ebe322;1920;886;68.0
ab6ef8b7-1971-4218-ad0f-bfec574bf9e7;Ķ;false;17;58;ba230d5b794c9a7350356eddd3e9929c;1920;960;59.0
d1131f18-57d2-412f-8261-aca0d9125469;Ķ;false;12;54;0ab4f8e463cdded2e59d6001f4e1b487;1080;1920;74.0
1008ba01-7482-4052-ad7c-50711c3b3518;Ī;true;6;49;db573f94204e56e0cf3fc2ea000e5bdc;1280;720;100.0
1a82f6f8-47c3-4019-8411-faf6052212b5;Ī;true;22;47;0211b488644476dd0fec656ccb9b74fc;1920;1080;73.0
30805511-6fac-4007-986f-49a24ae571bf;Ī;true;20;88;185bd3a81d9d618518d10abebf0d17a8;1920;1080;130.0
3836cfc8-b466-494e-98f5-b64252b622d0;Ī;true;12;38;0211b488644476dd0fec656ccb9b74fc;1920;1080;67.0
5d02824b-c071-406c-8173-6fe5dc6ab782;Ī;true;7;41;0211b488644476dd0fec656ccb9b74fc;1920;1080;68.0
6f6c0a19-33db-4b4d-b002-b90bff25402b;Ī;true;8;39;0211b488644476dd0fec656ccb9b74fc;1920;1080;73.0
7af4da8f-c359-41da-8cc1-63401f11590d;Ī;true;36;82;0211b488644476dd0fec656ccb9b74fc;1920;1080;139.0
c072659b-e985-4fff-9a90-9681a486aa7e;Ī;true;3;48;db573f94204e56e0cf3fc2ea000e5bdc;1280;720;87.0
c4c9c7cf-6d32-4164-8d57-0da2db524e02;Ī;true;13;64;db573f94204e56e0cf3fc2ea000e5bdc;1280;720;116.0
e20093f0-ccc7-4aee-ad4b-402cc03b79ca;Ī;true;4;38;db573f94204e56e0cf3fc2ea000e5bdc;1280;720;86.0
ecd48f7b-3cfd-4d20-9728-d8fd06fe1025;Ī;true;3;48;db573f94204e56e0cf3fc2ea000e5bdc;1280;720;78.0
ed900e13-7b49-4af3-89de-616fbdabdaab;Ī;true;32;101;185bd3a81d9d618518d10abebf0d17a8;1920;1080;131.0
f976ae21-a57d-4a52-920a-798441917b65;Ī;true;0;46;db573f94204e56e0cf3fc2ea000e5bdc;1280;720;86.0
fc6d9825-2980-40ea-b4d4-a3b51c591f54;Ī;true;16;57;db573f94204e56e0cf3fc2ea000e5bdc;1280;720;121.0
fe550cd6-64ff-48d1-812d-aa7d7a0100c1;Ī;true;9;44;0211b488644476dd0fec656ccb9b74fc;1920;1080;76.0
1eafde0f-e76e-4d45-8c5a-636b270b44a3;Ī;false;3;45;ba230d5b794c9a7350356eddd3e9929c;1920;960;52.0
206e0e66-da70-4300-8dfd-6a107a5dc12e;Ī;false;24;74;0ab4f8e463cdded2e59d6001f4e1b487;1080;1920;92.0
6c73db7d-ba6a-499a-bbad-55318e60f043;Ī;false;13;54;bcf5a67e65444f6c1d3119b5d6c3558b;1920;1080;84.0
95f70d8d-2481-4e0a-b836-282fc4244f69;Ī;false;9;64;87fe0712fdd150ecc8d02cbbb2e047d6;1280;720;58.0
a0808b1b-59d0-442f-9b40-42e410fedec7;Ī;false;41;88;d2b4042ec6d8505a41b809e64d5adb7c;1920;1080;89.0
03e4be77-6a35-4864-8d6d-168b8ca42e48;Ļ;true;33;76;46dd04a1caa75ed3082b573cb5a3ad26;1920;822;107.0
17c4de6e-278b-4f32-bb22-533cf025442f;Ļ;true;4;59;db573f94204e56e0cf3fc2ea000e5bdc;1280;720;102.0
39e0e8d5-a0f1-4561-9db2-96725017e263;Ļ;true;41;102;185bd3a81d9d618518d10abebf0d17a8;1920;1080;142.0
3cba9cd4-df35-4519-8504-52596e0c07c5;Ļ;true;18;68;185bd3a81d9d618518d10abebf0d17a8;1920;1080;118.0
3db534ed-c13c-4935-b14d-4022664232aa;Ļ;true;20;67;b07a773bcb10b4f14f33d2b0e8ec58ba;720;1280;95.0
5efcbd6d-781a-4650-9b33-e26bfd64a3e7;Ļ;true;22;70;185bd3a81d9d618518d10abebf0d17a8;1920;1080;130.0
6831265d-b40f-40ec-915f-e4ff13cce650;Ļ;true;18;76;0211b488644476dd0fec656ccb9b74fc;1920;1080;99.0
81ac2a02-ce68-4618-99f7-36d3ba687a5b;Ļ;true;60;124;b07a773bcb10b4f14f33d2b0e8ec58ba;720;1280;171.0
8f1f6b37-d0e3-416f-aecc-35975221fd36;Ļ;true;34;70;46dd04a1caa75ed3082b573cb5a3ad26;1920;1080;108.0
af84843f-487d-4a18-be7f-bd225dbef88f;Ļ;true;15;72;db573f94204e56e0cf3fc2ea000e5bdc;1280;720;125.0
b01eb1d8-45d4-4d36-90d4-c9f8633448a7;Ļ;true;15;64;b07a773bcb10b4f14f33d2b0e8ec58ba;720;1280;90.0
b3ea22d8-5cd7-4678-aee8-7b5b73a0a732;Ļ;true;13;67;db573f94204e56e0cf3fc2ea000e5bdc;1280;720;112.0
bbf6bc0e-ba59-4e0a-a18c-70c6658789c3;Ļ;true;8;54;0211b488644476dd0fec656ccb9b74fc;1920;1080;99.0
d5d2caca-e886-4e74-a278-1f073e0e43c2;Ļ;true;14;51;0211b488644476dd0fec656ccb9b74fc;1920;1080;79.0
f9c22493-86c1-4a23-b669-09b3ab00a2dd;Ļ;true;7;45;46dd04a1caa75ed3082b573cb5a3ad26;1920;822;81.0
608a2f7e-556d-431e-b89b-bae521c3472d;Ļ;false;38;91;1860c7f3605089bf0eff0c4e72c7add4;1440;1440;117.0
949c25b1-952f-4fbe-9e80-3de52916e94d;Ļ;false;23;95;1860c7f3605089bf0eff0c4e72c7add4;1440;1440;112.0
b1589289-f386-4e93-bd34-d3ecf738101b;Ļ;false;25;61;0ab4f8e463cdded2e59d6001f4e1b487;1080;1920;75.0
be242f16-97e5-4941-a6a8-760c24390057;Ļ;false;12;75;13c4baf863bfb1aa4ac638650e508d3b;1080;1920;114.0
c01721fc-1943-4490-815d-50a5e7d58a0b;Ļ;false;0;42;3dd2ce2659aada17b976390004ebe322;1920;886;69.0
025b8c70-436d-487f-915b-b827eebb0f64;Š;true;29;89;b07a773bcb10b4f14f33d2b0e8ec58ba;720;1280;123.0
17f53df4-c467-4aff-9f48-20687b63d49a;Š;true;40;97;185bd3a81d9d618518d10abebf0d17a8;1920;1080;133.0
3b47612f-f41d-4704-9990-19cb5dcc43d1;Š;true;11;51;46dd04a1caa75ed3082b573cb5a3ad26;1920;822;95.0
3badf827-763f-4acc-a948-4d3d492f2ea2;Š;true;0;46;95af8e702c909eee7145c6dc1a3d756b;1280;720;64.0
52f3f7bc-957b-4261-828a-349fc8d4d729;Š;true;27;72;b07a773bcb10b4f14f33d2b0e8ec58ba;720;1280;106.0
5d941c2a-aedb-4ef5-8cc9-a0f0e866602e;Š;true;56;122;b07a773bcb10b4f14f33d2b0e8ec58ba;720;1280;167.0
7507f07b-e7c4-4d8b-93a1-322a986a812f;Š;true;9;39;0211b488644476dd0fec656ccb9b74fc;1920;1080;66.0
929bc88f-b969-4b01-8b22-63a1cefa2ca5;Š;true;20;82;185bd3a81d9d618518d10abebf0d17a8;1920;1080;116.0
9be83fab-3ee7-40dd-b2a0-7ddf0fceb85a;Š;true;15;68;db573f94204e56e0cf3fc2ea000e5bdc;1280;720;107.0
bf841fea-1ede-4aa0-8b3c-b167ab0e078c;Š;true;2;45;db573f94204e56e0cf3fc2ea000e5bdc;1280;720;90.0
c8151edd-0f9b-42ca-84f6-0b324bebf8a2;Š;true;7;35;46dd04a1caa75ed3082b573cb5a3ad26;1920;822;69.0
ddc627c3-0f22-4586-94f9-ba45a38f1e0d;Š;true;9;59;185bd3a81d9d618518d10abebf0d17a8;1920;1080;98.0
df477195-6bf1-42c2-93da-b758672c41b2;Š;true;7;55;0211b488644476dd0fec656ccb9b74fc;1920;1080;81.0
f6a9f47e-d05b-4ab0-830c-62695f50b7a3;Š;true;7;41;46dd04a1caa75ed3082b573cb5a3ad26;1920;1080;71.0
fe43db8d-c3eb-481d-aae1-2c23da18b37d;Š;true;15;72;db573f94204e56e0cf3fc2ea000e5bdc;1280;720;120.0
2fb916fb-3319-4467-9c3c-a67faa2440ea;Š;false;34;92;1860c7f3605089bf0eff0c4e72c7add4;1440;1440;127.0
aa622fd9-e5dc-4b7c-9df2-b2662517a943;Š;false;11;62;0ab4f8e463cdded2e59d6001f4e1b487;1080;1920;90.0
af07d90e-e7d6-4aac-9178-d3e92eec11e5;Š;false;0;39;3dd2ce2659aada17b976390004ebe322;1920;886;69.0
d6ce9cf7-ac40-46c8-970b-b30b11389299;Š;false;12;65;13c4baf863bfb1aa4ac638650e508d3b;1080;1920;73.0
f956f333-a33a-4b2f-96c0-013ea504ac2d;Š;false;11;96;87fe0712fdd150ecc8d02cbbb2e047d6;1280;720;62.0
0e25c52a-b8a0-4fab-a88c-5dd39821809e;Ń;true;15;72;46dd04a1caa75ed3082b573cb5a3ad26;1920;1080;111.0
131cc84f-e8e0-4362-ab01-e8fb5eb0ab1b;Ń;true;3;44;0211b488644476dd0fec656ccb9b74fc;1920;1080;70.0
30ec247d-c119-45db-b9a4-9fd53fc1111c;Ń;true;39;115;b07a773bcb10b4f14f33d2b0e8ec58ba;720;1280;142.0
330fc737-22a8-419b-9e46-b9af6adef8bf;Ń;true;32;101;185bd3a81d9d618518d10abebf0d17a8;1920;1080;138.0
452a8560-a7fc-4b57-afcf-27db77d9a766;Ń;true;21;63;db573f94204e56e0cf3fc2ea000e5bdc;1280;720;122.0
591f84b9-8f69-4271-9495-384a3948e230;Ń;true;0;48;46dd04a1caa75ed3082b573cb5a3ad26;1920;822;87.0
5fd69893-1e23-4a2b-a7f3-171a24fc2d71;Ń;true;15;72;185bd3a81d9d618518d10abebf0d17a8;1920;1080;117.0
71904e06-bc17-46bb-9e22-f247bca40b11;Ń;true;13;66;185bd3a81d9d618518d10abebf0d17a8;1920;1080;117.0
8a32f253-c022-4096-88dc-d05b07d66cc8;Ń;true;12;54;46dd04a1caa75ed3082b573cb5a3ad26;1920;822;84.0
95ad5c55-b2d2-4d46-a281-e55e68e2a423;Ń;true;7;28;0211b488644476dd0fec656ccb9b74fc;1920;1080;52.0
a2f6f323-3627-445c-81d7-6b50f5276c70;Ń;true;5;30;0211b488644476dd0fec656ccb9b74fc;1920;1080;55.0
aa4326cf-5f25-4358-b46f-8693073e530e;Ń;true;3;35;db573f94204e56e0cf3fc2ea000e5bdc;1280;720;91.0
d106b355-511f-4098-b30d-2704cb0b0f63;Ń;true;5;57;db573f94204e56e0cf3fc2ea000e5bdc;1280;720;111.0
dd7e7424-442a-4b47-a78c-e82b25b3f193;Ń;true;8;55;185bd3a81d9d618518d10abebf0d17a8;1920;1080;102.0
f6dce0fb-4d4a-405f-b24b-bb123f47ef55;Ń;true;18;59;db573f94204e56e0cf3fc2ea000e5bdc;1280;720;124.0
1a8037d2-13aa-4a60-a505-b61122b24471;Ń;false;14;67;ba230d5b794c9a7350356eddd3e9929c;1920;960;84.0
328e72f2-7cde-49fe-af4d-f763fb894f6b;Ń;false;6;49;3dd2ce2659aada17b976390004ebe322;1920;886;83.0
405ef502-905c-417c-85d1-89623de27dc9;Ń;false;11;59;13c4baf863bfb1aa4ac638650e508d3b;1080;1920;101.0
4abd9c6e-3696-4cd3-bd42-0d2e76128e96;Ń;false;3;61;0ab4f8e463cdded2e59d6001f4e1b487;1080;1920;83.0
71aa55f2-0298-4d42-b8a1-4f161cb4147e;Ń;false;11;48;87fe0712fdd150ecc8d02cbbb2e047d6;1280;720;60.0
07ebf5f8-165a-4885-b8cb-5c82c5bec8ae;Ņ;true;19;66;b07a773bcb10b4f14f33d2b0e8ec58ba;720;1280;92.0
1454bf60-cfd1-42bb-8c92-f0ba50584149;Ņ;true;6;46;46dd04a1caa75ed3082b573cb5a3ad26;1920;822;79.0
19ec286d-6275-489a-8f14-ac76268ab9d9;Ņ;true;0;44;95af8e702c909eee7145c6dc1a3d756b;1280;720;65.0
508e83c2-823d-4dc7-9f83-6d1a3d3f6b51;Ņ;true;19;73;db573f94204e56e0cf3fc2ea000e5bdc;1280;720;120.0
5418c479-ece5-4731-a2ba-eb4724ae4799;Ņ;true;1;34;0211b488644476dd0fec656ccb9b74fc;1920;1080;54.0
5bff30aa-1a37-471a-870d-cc0e75852442;Ņ;true;56;116;b07a773bcb10b4f14f33d2b0e8ec58ba;720;1280;176.0
6ed46aab-d4fa-4b28-b854-715c21d76b8f;Ņ;true;25;54;46dd04a1caa75ed3082b573cb5a3ad26;1920;822;95.0
6f14d9c1-e574-4b59-9f68-45734d15f60d;Ņ;true;12;75;db573f94204e56e0cf3fc2ea000e5bdc;1280;720;119.0
70553e96-8ea7-43d6-96c2-b6debc97cf66;Ņ;true;0;44;0211b488644476dd0fec656ccb9b74fc;1920;1080;80.0
7d8bf38b-0bd5-4167-acba-45b9f0c02d80;Ņ;true;21;65;db573f94204e56e0cf3fc2ea000e5bdc;1280;720;123.0
c26440d1-a014-45fd-8a92-01278815c755;Ņ;true;1;39;46dd04a1caa75ed3082b573cb5a3ad26;1920;822;80.0
cdccffee-ea5c-4e89-8454-c99d8d8f8b9e;Ņ;true;27;98;185bd3a81d9d618518d10abebf0d17a8;1920;1080;134.0
d7c18365-669d-45b8-9a32-9d7f1e599052;Ņ;true;6;59;db573f94204e56e0cf3fc2ea000e5bdc;1280;720;104.0
daf39d3c-2390-44ca-b7d0-c982ac6c8458;Ņ;true;14;51;185bd3a81d9d618518d10abebf0d17a8;1920;1080;103.0
e5d1f698-df2d-406c-96d2-74c3240541a2;Ņ;true;6;49;0211b488644476dd0fec656ccb9b74fc;1920;1080;76.0
1f4a7751-db0b-4402-9d17-03471523e157;Ņ;false;68;109;0ceb69ca37aa3e44528c7ce03c329479;1920;1080;180.0
3061ca4a-3b22-4ff5-86f9-3b6dbf6492ae;Ņ;false;13;60;ca6b767f0cccf093ba737ae2fc4fec3d;1920;1080;76.0
4882a116-ad65-4e37-924a-9926bcf825e5;Ņ;false;11;58;ba230d5b794c9a7350356eddd3e9929c;1920;960;59.0
500b7b5d-ff08-4536-8e63-b6aeb54ab258;Ņ;false;17;82;1860c7f3605089bf0eff0c4e72c7add4;1440;1440;107.0
cb427c8d-4bcf-4955-b6df-287c035b3d84;Ņ;false;4;48;0ab4f8e463cdded2e59d6001f4e1b487;1080;1920;78.0
38335e91-741a-49a7-960f-97117cb7aa5b;Ó;true;7;48;db573f94204e56e0cf3fc2ea000e5bdc;1280;720;95.0
3dbb1d1e-5260-44ff-9bdd-f88c504a802a;Ó;true;2;44;db573f94204e56e0cf3fc2ea000e5bdc;1280;720;111.0
60b7771c-3e1b-44f0-8dc3-8ad4184465f4;Ó;true;18;70;db573f94204e56e0cf3fc2ea000e5bdc;1280;720;110.0
64d35bd1-03f7-4259-b201-499aa4e4aaed;Ó;true;3;34;0211b488644476dd0fec656ccb9b74fc;1920;1080;57.0
7985fdff-8eb3-48bf-9e5e-fac6b4e8bcd2;Ó;true;13;53;db573f94204e56e0cf3fc2ea000e5bdc;1280;720;107.0
9205b03f-c4dd-4691-92af-fe5977c63076;Ó;true;1;72;0211b488644476dd0fec656ccb9b74fc;1920;1080;92.0
9c6ef8c5-567b-433f-964e-8c5021884538;Ó;true;18;72;db573f94204e56e0cf3fc2ea000e5bdc;1280;720;120.0
a922f988-f275-41e0-ab1f-0da727c8d100;Ó;true;1;39;0211b488644476dd0fec656ccb9b74fc;1920;1080;67.0
ae95690c-1795-450f-85b8-dfb352136357;Ó;true;34;72;0211b488644476dd0fec656ccb9b74fc;1080;1920;112.0
c099f66e-5a8c-41e1-93c1-db6182866131;Ó;true;34;75;0211b488644476dd0fec656ccb9b74fc;1920;1080;134.0
d506e4fb-a541-4d6b-bad5-ad029d0325ad;Ó;true;15;58;db573f94204e56e0cf3fc2ea000e5bdc;1280;720;130.0
d8eed218-26da-4945-8d36-7b8937f429bb;Ó;true;5;37;0211b488644476dd0fec656ccb9b74fc;1920;1080;65.0
ea737cec-770f-4211-bd0a-cd182b96be8d;Ó;true;2;46;0211b488644476dd0fec656ccb9b74fc;1920;1080;85.0
f5d433fa-72df-4784-a001-40eb2c401546;Ó;true;32;97;185bd3a81d9d618518d10abebf0d17a8;1920;1080;146.0
fb985fbc-87a7-42c0-bcd5-c22802ea7f39;Ó;true;0;32;db573f94204e56e0cf3fc2ea000e5bdc;1280;720;84.0
5b6ee65b-4072-4960-857b-c1e1d14e95c2;Ó;false;19;65;0ab4f8e463cdded2e59d6001f4e1b487;1080;1920;79.0
63b946fc-8da3-4f47-a945-893192c56731;Ó;false;19;70;cb53e1b60ed438a7164ddea33f4381b4;1920;1080;125.0
74bbc3e4-aff4-4b3a-b42f-9924eb8ad857;Ó;false;10;45;0a11105fbfa6d452b86187db53b753e2;1920;1088;84.0
c22b3b3d-9607-4e96-ae35-c5abad9bfccf;Ó;false;8;46;bcf5a67e65444f6c1d3119b5d6c3558b;1920;1080;82.0
eb5435f6-bcde-46e9-8747-3bd477043b1b;Ó;false;16;73;bd0fc003c736968ada3652aad29907dc;1920;1080;80.0
2acb8e77-4aba-4202-a99a-0d88f4df45d0;Ō;true;13;59;46dd04a1caa75ed3082b573cb5a3ad26;1920;1080;89.0
6cf919ed-88ce-44ed-a1c5-1538f507e5f5;Ō;true;8;62;46dd04a1caa75ed3082b573cb5a3ad26;1920;822;98.0
7603c162-0507-498a-a648-1006ba01054f;Ō;true;8;70;185bd3a81d9d618518d10abebf0d17a8;1920;1080;116.0
7ba11236-e5a8-4206-96ef-8b1bc287aadb;Ō;true;5;35;0211b488644476dd0fec656ccb9b74fc;1920;1080;58.0
9e2c5f70-eb61-4c53-bd8a-e8a6b10a6eaa;Ō;true;43;100;b07a773bcb10b4f14f33d2b0e8ec58ba;720;1280;127.0
a3485937-1fb1-4084-a965-311e796f059d;Ō;true;27;86;185bd3a81d9d618518d10abebf0d17a8;1920;1080;126.0
ab1debdd-a000-460e-b5c6-f33dfa5b752f;Ō;true;12;72;db573f94204e56e0cf3fc2ea000e5bdc;1280;720;109.0
b1dc51c9-6afc-4753-8f12-d4bc94e01d69;Ō;true;7;71;0211b488644476dd0fec656ccb9b74fc;1920;1080;107.0
c7dba30b-5a03-484d-ad03-34c3ee82a74a;Ō;true;5;53;46dd04a1caa75ed3082b573cb5a3ad26;1920;822;86.0
d184bb99-cd1a-45f4-b782-b7fe70df76cb;Ō;true;9;49;0211b488644476dd0fec656ccb9b74fc;1920;1080;78.0
d36396ba-d60e-4c31-a3b8-40b3e367355e;Ō;true;35;115;b07a773bcb10b4f14f33d2b0e8ec58ba;720;1280;134.0
dcf91819-330f-4419-9ef8-658308a15c46;Ō;true;0;43;db573f94204e56e0cf3fc2ea000e5bdc;1280;720;84.0
f2584ae6-660a-444d-8178-e32378d1b592;Ō;true;31;90;185bd3a81d9d618518d10abebf0d17a8;1920;1080;129.0
fcfaacbb-5280-4f4f-aea6-7bc12f04c08d;Ō;true;17;57;db573f94204e56e0cf3fc2ea000e5bdc;1280;720;117.0
fcfbecf0-3f75-4c9d-b901-7fe7d359b3c5;Ō;true;46;104;b07a773bcb10b4f14f33d2b0e8ec58ba;720;1280;158.0
63f0688e-566b-4fe4-a8a3-12b887530cbe;Ō;false;2;47;ba230d5b794c9a7350356eddd3e9929c;1920;960;48.0
842b917a-5c71-4ec0-b1ca-6149493f08b1;Ō;false;16;70;ca6b767f0cccf093ba737ae2fc4fec3d;1920;1080;71.0
a3ca912b-fa5d-422c-9276-fbde7a33c2ae;Ō;false;12;63;12c7911f38c7113ce13c71dbd785ce22;1920;1080;92.0
e682ac11-193b-4cc4-a253-ec341744dfc0;Ō;false;7;66;0ab4f8e463cdded2e59d6001f4e1b487;1080;1920;85.0
f07d46ad-707e-4942-b088-ecfb2d6b6e26;Ō;false;26;91;1860c7f3605089bf0eff0c4e72c7add4;1440;1440;130.0
23e658a3-80ba-4366-9031-2ddbcd554300;Õ;true;16;57;185bd3a81d9d618518d10abebf0d17a8;1920;1080;85.0
54c60ba7-ecde-4c36-b4e0-44bcd8c95c45;Õ;true;47;82;b07a773bcb10b4f14f33d2b0e8ec58ba;720;1280;128.0
59cbf994-7b34-4c53-a4a4-b4b1a3169a0e;Õ;true;2;50;95af8e702c909eee7145c6dc1a3d756b;1280;720;76.0
5e4ed118-cf16-4073-a164-6818b3cebc76;Õ;true;8;43;46dd04a1caa75ed3082b573cb5a3ad26;1920;822;91.0
71eb172e-999b-4ba2-8548-15918322b9f7;Õ;true;2;46;db573f94204e56e0cf3fc2ea000e5bdc;1280;720;116.0
7799ff73-6cf2-4519-8a5c-3ca3bff7fcf8;Õ;true;8;31;0211b488644476dd0fec656ccb9b74fc;1920;1080;63.0
81a38aae-f20b-4203-bb28-14eb62abd52e;Õ;true;6;38;db573f94204e56e0cf3fc2ea000e5bdc;1280;720;86.0
8b7ac0f7-08d1-4cce-9315-832ddf19eb1b;Õ;true;17;46;0211b488644476dd0fec656ccb9b74fc;1920;1080;81.0
94dc7292-d384-4a4d-acb4-f326b4b184ea;Õ;true;27;71;185bd3a81d9d618518d10abebf0d17a8;1920;1080;113.0
a8b7c2d5-8998-4413-af71-959cda43a830;Õ;true;21;63;0211b488644476dd0fec656ccb9b74fc;1080;1920;97.0
bc669be7-d25e-4235-88bc-899be22b8ec5;Õ;true;9;55;46dd04a1caa75ed3082b573cb5a3ad26;1920;1080;86.0
bfa0cbbb-8e5e-4ca6-b858-d56338826a7a;Õ;true;13;59;185bd3a81d9d618518d10abebf0d17a8;1920;1080;105.0
c2c8cf3f-06ea-4486-97bc-539d7bcb7455;Õ;true;3;31;46dd04a1caa75ed3082b573cb5a3ad26;1920;822;72.0
dea8f3ba-ca90-4005-b322-7014cdbf4007;Õ;true;14;61;db573f94204e56e0cf3fc2ea000e5bdc;1280;720;105.0
f936868d-691a-4b0d-a90f-5a3ab801a255;Õ;true;67;108;b07a773bcb10b4f14f33d2b0e8ec58ba;720;1280;170.0
74f03104-d519-4018-b37f-c32e0d347063;Õ;false;0;35;3dd2ce2659aada17b976390004ebe322;1920;886;65.0
8931d909-a363-489b-84b7-af5474e75d85;Õ;false;16;53;13c4baf863bfb1aa4ac638650e508d3b;1080;1920;72.0
baa978fb-cb1f-40e6-abaf-9f4916cc16e1;Õ;false;10;63;0ab4f8e463cdded2e59d6001f4e1b487;1080;1920;94.0
db942333-8457-46e2-bacc-18f459703cba;Õ;false;8;47;87fe0712fdd150ecc8d02cbbb2e047d6;1280;720;86.0
e788f123-355b-4589-ad48-a57bd02aef6c;Õ;false;11;72;ba230d5b794c9a7350356eddd3e9929c;1920;960;77.0
03737e2c-f912-493b-ad40-8320ee9fdf30;Ö;true;16;66;185bd3a81d9d618518d10abebf0d17a8;1920;1080;86.0
272fa338-2d56-4dfe-a62d-ad6c2c4cc766;Ö;true;12;47;46dd04a1caa75ed3082b573cb5a3ad26;1920;822;82.0
2ef0278d-a7f9-48fd-9fb6-c428d2a552b1;Ö;true;10;50;46dd04a1caa75ed3082b573cb5a3ad26;1920;822;98.0
3cd6e89f-4672-417e-b897-29c30d603b05;Ö;true;13;57;0211b488644476dd0fec656ccb9b74fc;1920;1080;85.0
567846ad-0792-409f-8dcc-c5b08b6de853;Ö;true;16;61;185bd3a81d9d618518d10abebf0d17a8;1920;1080;120.0
605277aa-5841-49dc-9079-187f9661c5ac;Ö;true;14;66;db573f94204e56e0cf3fc2ea000e5bdc;1280;720;122.0
810f5023-eb96-45c4-99fe-c5bb015bbcf3;Ö;true;1;49;db573f94204e56e0cf3fc2ea000e5bdc;1280;720;107.0
86c8505e-89b2-4368-b8d5-03d4932b4c80;Ö;true;26;63;db573f94204e56e0cf3fc2ea000e5bdc;1280;720;103.0
96ff61b0-63a1-4cba-b785-730af7658239;Ö;true;54;133;b07a773bcb10b4f14f33d2b0e8ec58ba;720;1280;174.0
9771b4ab-36db-4675-b900-d976d8c3d62f;Ö;true;14;70;46dd04a1caa75ed3082b573cb5a3ad26;1920;1080;101.0
a2092f17-f11c-4a2b-b7e0-c114be5beea1;Ö;true;28;68;185bd3a81d9d618518d10abebf0d17a8;1920;1080;116.0
ae072cba-3567-4e41-97f6-1ac863968e9d;Ö;true;61;107;b07a773bcb10b4f14f33d2b0e8ec58ba;720;1280;147.0
b0951b0e-be33-4932-bcf8-bb1e1db41eaf;Ö;true;18;46;0211b488644476dd0fec656ccb9b74fc;1920;1080;79.0
b3ed8c72-c9eb-4309-9f01-92d828f42829;Ö;true;38;92;0211b488644476dd0fec656ccb9b74fc;1080;1920;122.0
cf6845ac-9e02-49b4-8d2b-f56c789f973a;Ö;true;16;67;95af8e702c909eee7145c6dc1a3d756b;1280;720;91.0
0adc3881-34c2-40cb-aaf9-ee2487a5b9c0;Ö;false;0;50;0ab4f8e463cdded2e59d6001f4e1b487;1080;1920;72.0
542a6379-25fe-4992-bb8a-1d2eccebb658;Ö;false;21;66;1860c7f3605089bf0eff0c4e72c7add4;1440;1440;81.0
8b485965-035c-42e9-b4cd-d7ae83403e25;Ö;false;20;89;87fe0712fdd150ecc8d02cbbb2e047d6;1280;720;90.0
92be78c0-bdd1-4d3b-a5c8-6dba6bf373d6;Ö;false;14;50;12c7911f38c7113ce13c71dbd785ce22;1920;1080;88.0
c0539e8f-7901-4b38-84e2-1367e05f9b93;Ö;false;38;78;7c989fdb633be7453228f7c650097205;1920;1080;109.0
0eec14b1-6181-49f0-b42f-2f8f274522de;×;true;76;126;b07a773bcb10b4f14f33d2b0e8ec58ba;720;1280;176.0
1bfff6ae-4a51-4482-a459-3a0cacae0437;×;true;18;38;0211b488644476dd0fec656ccb9b74fc;1920;1080;70.0
3e781a5a-b923-4b3f-a4b4-3689b47df76d;×;true;6;58;185bd3a81d9d618518d10abebf0d17a8;1920;1080;104.0
57a9fd07-244d-4a8f-a597-80f8eb1a72b5;×;true;12;56;46dd04a1caa75ed3082b573cb5a3ad26;1920;822;114.0
69f1a96b-243c-48df-9115-e991955f52af;×;true;37;82;b07a773bcb10b4f14f33d2b0e8ec58ba;720;1280;131.0
74bdadc0-b81c-4429-b4bc-355b0bbbf6fd;×;true;11;64;0211b488644476dd0fec656ccb9b74fc;1920;1080;93.0
9e2fba94-493c-42fd-ba1c-ff6b7eccada5;×;true;3;47;db573f94204e56e0cf3fc2ea000e5bdc;1280;720;99.0
a50463a4-853e-4798-ab2e-a6b152d76386;×;true;15;57;db573f94204e56e0cf3fc2ea000e5bdc;1280;720;123.0
bb794d73-3958-44db-a2a8-b4e3cab605e6;×;true;26;93;185bd3a81d9d618518d10abebf0d17a8;1920;1080;133.0
bd7272ed-1850-48f1-a2a8-c8fed523dc37;×;true;20;70;185bd3a81d9d618518d10abebf0d17a8;1920;1080;96.0
cf3b74e1-3a83-44e7-ad73-5d2825c6b446;×;true;14;61;46dd04a1caa75ed3082b573cb5a3ad26;1920;1080;101.0
cfb720d5-846c-4ddc-97c1-98d4373fd47c;×;true;7;53;db573f94204e56e0cf3fc2ea000e5bdc;1280;720;102.0
dfd71d33-6325-4172-9113-ba56afa0ebd2;×;true;9;49;46dd04a1caa75ed3082b573cb5a3ad26;1920;822;112.0
e161c26f-b099-4cd2-a567-2bd1fabc052f;×;true;62;120;b07a773bcb10b4f14f33d2b0e8ec58ba;720;1280;148.0
fc09ddfd-c2c9-4c68-89bf-c4f3bbf9d135;×;true;11;75;0211b488644476dd0fec656ccb9b74fc;1920;1080;102.0
20b98509-7526-496f-b20e-dba3b907bbf7;×;false;5;36;b56726d7b447d88e526f7da2e9e0e520;1920;1080;59.0
4c418fc1-aedc-414c-bea8-5f39aad76df9;×;false;28;88;0ab4f8e463cdded2e59d6001f4e1b487;1080;1920;105.0
627b2e0a-ec90-46e3-8230-f6dc922e6b4c;×;false;0;34;3dd2ce2659aada17b976390004ebe322;1920;886;68.0
723b2705-e6d6-4766-a028-2d19ece847fa;×;false;14;94;87fe0712fdd150ecc8d02cbbb2e047d6;1280;720;94.0
bdab599f-2847-4450-9a50-6fcff8ad830c;×;false;15;68;13c4baf863bfb1aa4ac638650e508d3b;1080;1920;123.0
0e084ebd-88aa-462e-afc4-91649e92cc0c;Ų;true;6;51;46dd04a1caa75ed3082b573cb5a3ad26;1920;822;92.0
19614c38-11a7-4ba4-9f60-0cd1cd665193;Ų;true;5;55;95af8e702c909eee7145c6dc1a3d756b;1280;720;69.0
2ed4e443-a42e-4317-8733-ee9850c3958c;Ų;true;68;116;b07a773bcb10b4f14f33d2b0e8ec58ba;720;1280;141.0
2ff28192-9dcd-46d1-b313-90d618e2c771;Ų;true;5;51;46dd04a1caa75ed3082b573cb5a3ad26;1920;822;98.0
3690b058-726e-4bb6-821b-3d574553a70b;Ų;true;10;54;db573f94204e56e0cf3fc2ea000e5bdc;1280;720;99.0
667ee26e-ab11-4e9d-b586-705f1188e556;Ų;true;8;64;db573f94204e56e0cf3fc2ea000e5bdc;1280;720;119.0
68ac63c1-7e79-4d57-8e8a-da3d00e2a74c;Ų;true;12;65;185bd3a81d9d618518d10abebf0d17a8;1920;1080;110.0
76eaf27c-9c2d-4f97-b159-4b2e292e0a3e;Ų;true;10;52;0211b488644476dd0fec656ccb9b74fc;1920;1080;70.0
a914c1c0-7d4f-4bd5-990e-7f8b3a3cc14d;Ų;true;25;77;185bd3a81d9d618518d10abebf0d17a8;1920;1080;97.0
a984c6e3-c3f6-44a1-8ea0-fc4178355a80;Ų;true;4;57;db573f94204e56e0cf3fc2ea000e5bdc;1280;720;102.0
b458ea12-4097-426e-8f13-9976f62c87db;Ų;true;63;130;b07a773bcb10b4f14f33d2b0e8ec58ba;720;1280;157.0
b51a318d-67a7-4cab-ab07-25bb2ae930a4;Ų;true;35;112;185bd3a81d9d618518d10abebf0d17a8;1920;1080;151.0
bf6486bc-de9c-412d-bfb2-85239bfe7009;Ų;true;6;56;0211b488644476dd0fec656ccb9b74fc;1920;1080;81.0
c9a72843-cb99-43a5-abc2-c929286d0f83;Ų;true;66;121;b07a773bcb10b4f14f33d2b0e8ec58ba;720;1280;194.0
fdbcc5f4-d0ff-4933-bfb8-1f08e43254ed;Ų;true;3;42;46dd04a1caa75ed3082b573cb5a3ad26;1920;1080;66.0
1cd1d6ee-19f1-4085-b852-e216842afc73;Ų;false;17;76;ba230d5b794c9a7350356eddd3e9929c;1920;960;79.0
223a5133-8f66-4609-ab34-6c16e2c29530;Ų;false;10;48;87fe0712fdd150ecc8d02cbbb2e047d6;1280;720;48.0
71495f0a-aab3-40c5-9569-aebf6f641ab0;Ų;false;0;34;3dd2ce2659aada17b976390004ebe322;1920;886;64.0
9bedbda4-de14-471f-a5e8-c8900ea020b1;Ų;false;32;109;1860c7f3605089bf0eff0c4e72c7add4;1440;1440;135.0
fabf9851-b02e-42ad-b9ae-c3b5c0517028;Ų;false;15;72;0ab4f8e463cdded2e59d6001f4e1b487;1080;1920;92.0
04c2dca4-30cc-4dda-99c8-f5e84be0e365;Ł;true;36;108;185bd3a81d9d618518d10abebf0d17a8;1920;1080;152.0
0c4b86ae-ebe1-4a05-a938-b27dd0dc87e6;Ł;true;19;58;0211b488644476dd0fec656ccb9b74fc;1920;1080;88.0
1ec613ad-f368-411c-9bae-869e124dfefc;Ł;true;17;66;db573f94204e56e0cf3fc2ea000e5bdc;1280;720;118.0
25bd4d69-7e58-4239-8eb8-df0818c5fd36;Ł;true;0;35;46dd04a1caa75ed3082b573cb5a3ad26;1920;822;81.0
3f6efd39-e146-4255-8570-9ae0174aa59c;Ł;true;11;49;db573f94204e56e0cf3fc2ea000e5bdc;1280;720;97.0
56d286f8-9ad8-4d66-96c1-a79e02f9ef90;Ł;true;18;72;db573f94204e56e0cf3fc2ea000e5bdc;1280;720;117.0
80df3cc7-6b4e-4d2f-afce-c053a4ce1ad1;Ł;true;15;66;0211b488644476dd0fec656ccb9b74fc;1920;1080;96.0
919c7cdb-1565-4d60-ab08-fc4246c51417;Ł;true;19;62;0211b488644476dd0fec656ccb9b74fc;1920;1080;93.0
ce5a2d22-fcb8-41a8-909a-75ad76ba85d2;Ł;true;27;71;185bd3a81d9d618518d10abebf0d17a8;1920;1080;109.0
d259aa8f-5152-441f-bfc1-580ca24665b9;Ł;true;2;67;46dd04a1caa75ed3082b573cb5a3ad26;1920;1080;86.0
dfbd7d09-04bb-442a-a807-8375defa95b0;Ł;true;5;51;db573f94204e56e0cf3fc2ea000e5bdc;1280;720;115.0
ea524124-96a0-49be-b427-9e95d7b8a64b;Ł;true;7;77;b07a773bcb10b4f14f33d2b0e8ec58ba;720;1280;112.0
eb4002ef-1895-48a8-890c-08521d47f82b;Ł;true;6;39;46dd04a1caa75ed3082b573cb5a3ad26;1920;822;92.0
f56ba7ef-f39a-44a3-b633-ee29dd9c71dd;Ł;true;13;62;185bd3a81d9d618518d10abebf0d17a8;1920;1080;111.0
f9e26891-c9f4-4657-a0a1-2b66985fe92c;Ł;true;7;51;46dd04a1caa75ed3082b573cb5a3ad26;1920;822;88.0
20ce55ed-f665-4565-8037-f58d30634c05;Ł;false;14;90;87fe0712fdd150ecc8d02cbbb2e047d6;1280;720;91.0
2fc1c844-6d69-49c7-9085-12da01c6905b;Ł;false;15;48;13c4baf863bfb1aa4ac638650e508d3b;1080;1920;56.0
36838761-362c-4dac-8ac0-0e4bdd593b88;Ł;false;13;60;0ab4f8e463cdded2e59d6001f4e1b487;1080;1920;78.0
3a5b7ece-3833-406a-a2f1-cd6f4cfd5386;Ł;false;55;104;0ceb69ca37aa3e44528c7ce03c329479;1920;1080;164.0
8d226c11-414b-403b-a0fe-a829f09d06a5;Ł;false;20;74;12c7911f38c7113ce13c71dbd785ce22;1920;1080;109.0
332e269b-b116-4a4c-aeb1-c80ef96a05a4;Ś;true;36;90;b07a773bcb10b4f14f33d2b0e8ec58ba;720;1280;137.0
33f7e46f-b7b7-4aa9-a5bc-1d159cc35330;Ś;true;28;64;185bd3a81d9d618518d10abebf0d17a8;1920;1080;121.0
35d8ff5d-46ef-4a19-b6e4-ba32bc3a0ebb;Ś;true;14;46;46dd04a1caa75ed3082b573cb5a3ad26;1920;1080;87.0
4583f85e-016e-402e-a5ae-a06ed556af9f;Ś;true;1;50;46dd04a1caa75ed3082b573cb5a3ad26;1920;822;100.0
4e9a6788-4d44-4030-8ab9-8f2feeb36a16;Ś;true;13;55;0211b488644476dd0fec656ccb9b74fc;1920;1080;85.0
56575f5d-abab-4a60-8737-496dd2287e68;Ś;true;4;42;46dd04a1caa75ed3082b573cb5a3ad26;1920;822;88.0
67f47644-de0c-49c9-968c-a2b155d2740f;Ś;true;2;46;0211b488644476dd0fec656ccb9b74fc;1920;1080;71.0
77109193-f73e-432f-bbc2-300976a59fbc;Ś;true;12;69;db573f94204e56e0cf3fc2ea000e5bdc;1280;720;112.0
8b1eb90c-5bf6-438e-bc5e-81df57621f33;Ś;true;58;91;b07a773bcb10b4f14f33d2b0e8ec58ba;720;1280;159.0
95b13c61-afa4-4b56-92a9-64f42fe9f572;Ś;true;25;90;185bd3a81d9d618518d10abebf0d17a8;1920;1080;136.0
c147c899-5ac6-4b41-9ea7-96bab862963d;Ś;true;13;49;0211b488644476dd0fec656ccb9b74fc;1920;1080;86.0
d91a297a-e8f1-4c90-8095-4e02dc7094b1;Ś;true;0;39;db573f94204e56e0cf3fc2ea000e5bdc;1280;720;88.0
df53e0d9-8c53-46ed-96ff-95458a5d2944;Ś;true;0;29;b07a773bcb10b4f14f33d2b0e8ec58ba;720;1280;80.0
ef6b897e-9b67-4cf3-9ffe-a1d4a22ec278;Ś;true;11;59;185bd3a81d9d618518d10abebf0d17a8;1920;1080;110.0
f918028c-5633-44ad-abb8-fff757a4a5b2;Ś;true;10;54;db573f94204e56e0cf3fc2ea000e5bdc;1280;720;118.0
1ecb8e1f-1987-4a20-9bb8-cc54b1670a0b;Ś;false;6;46;0ab4f8e463cdded2e59d6001f4e1b487;1080;1920;68.0
5efb2261-62ab-434e-b7d8-0b18ed731281;Ś;false;31;59;d2b4042ec6d8505a41b809e64d5adb7c;1920;1080;78.0
9442e65b-e16e-4339-95f4-095aa85b64a0;Ś;false;13;64;87fe0712fdd150ecc8d02cbbb2e047d6;1280;720;73.0
a6aff6c0-0ba4-4239-9aa7-3d5362946f5a;Ś;false;14;55;ba230d5b794c9a7350356eddd3e9929c;1920;960;74.0
f14a8803-d004-4a61-a2fb-707a0063f144;Ś;false;8;51;13c4baf863bfb1aa4ac638650e508d3b;1080;1920;81.0
06000f55-6f8e-404b-a01c-a32f4a384590;Ū;true;29;99;185bd3a81d9d618518d10abebf0d17a8;1920;1080;135.0
09392ee3-d864-4f25-8f55-d9997f9a5d28;Ū;true;18;71;db573f94204e56e0cf3fc2ea000e5bdc;1280;720;121.0
1c8722e1-bfba-4350-b61f-056f012fa23c;Ū;true;7;60;185bd3a81d9d618518d10abebf0d17a8;1920;1080;101.0
3f62dd35-258f-48e2-911c-f82d1da80ed5;Ū;true;58;101;b07a773bcb10b4f14f33d2b0e8ec58ba;720;1280;152.0
47827246-6f58-45aa-9606-6f6ad535a957;Ū;true;17;47;b07a773bcb10b4f14f33d2b0e8ec58ba;720;1280;108.0
665e5a3e-b00a-464c-9769-135dade02dd4;Ū;true;9;49;0211b488644476dd0fec656ccb9b74fc;1920;1080;74.0
69cd32ad-4822-44c1-8d78-7d30b5c8fa3e;Ū;true;18;73;db573f94204e56e0cf3fc2ea000e5bdc;1280;720;122.0
78df2936-b341-4f5b-9de8-73cc724a1da5;Ū;true;6;33;0211b488644476dd0fec656ccb9b74fc;1920;1080;64.0
96140a34-d997-45e8-8b46-510cb9942332;Ū;true;10;44;0211b488644476dd0fec656ccb9b74fc;1920;1080;79.0
af652f95-b397-40fc-ae3b-4dc9024eac33;Ū;true;6;49;db573f94204e56e0cf3fc2ea000e5bdc;1280;720;109.0
bc3631fc-7e44-42a8-ad5f-8f1e3f95e482;Ū;true;25;61;185bd3a81d9d618518d10abebf0d17a8;1920;1080;102.0
d307060e-c144-416b-814d-073a8abd0931;Ū;true;2;35;46dd04a1caa75ed3082b573cb5a3ad26;1920;822;67.0
d623b287-a7dc-4d8a-9423-6fc9239746ba;Ū;true;58;99;b07a773bcb10b4f14f33d2b0e8ec58ba;720;1280;149.0
f2d3a297-8641-4818-9013-66033015be08;Ū;true;7;48;46dd04a1caa75ed3082b573cb5a3ad26;1920;822;87.0
fb1acbb8-ae1d-4671-8b1e-c9543d9a717e;Ū;true;8;53;46dd04a1caa75ed3082b573cb5a3ad26;1920;1080;71.0
625ba4bb-11d4-4b65-b626-30c647255b2c;Ū;false;1;44;ba230d5b794c9a7350356eddd3e9929c;1920;960;45.0
7c7ba61e-daed-4c93-b74b-09aab52c7a27;Ū;false;29;75;13c4baf863bfb1aa4ac638650e508d3b;1080;1920;112.0
a4ae7cc7-136e-4ab0-93ec-48fd14392320;Ū;false;12;83;1860c7f3605089bf0eff0c4e72c7add4;1440;1440;110.0
b95c9d46-c555-4ecd-95b8-e525d9edc220;Ū;false;24;60;0ab4f8e463cdded2e59d6001f4e1b487;1080;1920;69.0
ebb9c32f-118c-4729-96c9-8e4fe2a4c1c1;Ū;false;0;41;3dd2ce2659aada17b976390004ebe322;1920;886;71.0
0e9b1ff8-5ec1-4b35-a983-7e43cd423024;Ü;true;8;62;db573f94204e56e0cf3fc2ea000e5bdc;1280;720;102.0
212b48ec-9294-4452-a37d-baba1d537814;Ü;true;26;76;185bd3a81d9d618518d10abebf0d17a8;1920;1080;135.0
3447aad8-da8a-467b-9ff9-ca95bfc4b893;Ü;true;2;43;46dd04a1caa75ed3082b573cb5a3ad26;1920;822;78.0
4de31b45-74dc-4cd3-b3e4-6f5eadd9ae12;Ü;true;34;74;db573f94204e56e0cf3fc2ea000e5bdc;1280;720;127.0
4e7f5ed6-17e5-4086-9fe0-ad8a58880fda;Ü;true;65;96;b07a773bcb10b4f14f33d2b0e8ec58ba;720;1280;146.0
5823695f-901d-4958-8f61-7434acddd406;Ü;true;5;66;db573f94204e56e0cf3fc2ea000e5bdc;1280;720;116.0
638dd413-da62-4b44-bd2c-f828fc8cba6a;Ü;true;18;80;db573f94204e56e0cf3fc2ea000e5bdc;1280;720;128.0
63e80a5b-b194-4274-9add-f79749617b39;Ü;true;37;114;185bd3a81d9d618518d10abebf0d17a8;1920;1080;97.0
75c14dad-88ba-4e71-868b-2dff1095f19a;Ü;true;20;64;0211b488644476dd0fec656ccb9b74fc;1920;1080;110.0
9766e377-f170-4126-82c1-0e83dc4966e1;Ü;true;7;44;46dd04a1caa75ed3082b573cb5a3ad26;1920;1080;88.0
b4ecbc80-d09e-49e3-a588-e63fccb3c07a;Ü;true;8;46;0211b488644476dd0fec656ccb9b74fc;1920;1080;77.0
c46eb16f-a6ec-43e3-a762-f260e37a0e5b;Ü;true;9;62;185bd3a81d9d618518d10abebf0d17a8;1920;1080;106.0
cae374bf-90b5-43ba-9577-d309879ac111;Ü;true;15;59;0211b488644476dd0fec656ccb9b74fc;1920;1080;93.0
cf5611dd-b05a-4973-810c-3d643a798631;Ü;true;7;53;46dd04a1caa75ed3082b573cb5a3ad26;1920;822;98.0
e9e566e5-5e9e-4a6c-97d7-2fb5e3e252a6;Ü;true;50;100;b07a773bcb10b4f14f33d2b0e8ec58ba;720;1280;144.0
24601a7d-a028-44af-b3fd-a479f8184f6e;Ü;false;18;51;13c4baf863bfb1aa4ac638650e508d3b;1080;1920;87.0
3767ee91-bd15-4a4b-b6a1-d000971a96ac;Ü;false;28;58;7c989fdb633be7453228f7c650097205;1920;1080;78.0
543f242c-bbbc-4dcc-82e9-07d85dd275f3;Ü;false;22;48;d2b4042ec6d8505a41b809e64d5adb7c;1920;1080;72.0
64e27d59-65ba-45d4-acb7-18fc9442e79c;Ü;false;32;69;0ceb69ca37aa3e44528c7ce03c329479;1920;1080;136.0
a741fec3-ad8d-4e5b-b3fa-fecaaa504c36;Ü;false;29;74;0ab4f8e463cdded2e59d6001f4e1b487;1080;1920;96.0
19fb9623-adda-492b-ba03-98fa835fac40;Ż;true;4;56;b07a773bcb10b4f14f33d2b0e8ec58ba;720;1280;74.0
263c171f-9469-4c28-92c9-8e54f0442e04;Ż;true;30;69;185bd3a81d9d618518d10abebf0d17a8;1920;1080;125.0
3460235b-139b-42cd-905e-7c95c5fd50d4;Ż;true;0;49;db573f94204e56e0cf3fc2ea000e5bdc;1280;720;94.0
50c297dc-2c8a-492e-8305-8e6d9f7c5ffa;Ż;true;73;148;b07a773bcb10b4f14f33d2b0e8ec58ba;720;1280;186.0
50f1e0bc-2443-404b-87c9-61fa9b3a776f;Ż;true;9;60;0211b488644476dd0fec656ccb9b74fc;1920;1080;95.0
51f8bca8-dace-4328-a513-2a960ceff6fd;Ż;true;45;102;b07a773bcb10b4f14f33d2b0e8ec58ba;720;1280;135.0
617b9d47-0611-4b7d-8757-e876f64b939b;Ż;true;8;36;0211b488644476dd0fec656ccb9b74fc;1920;1080;66.0
7c3ef666-3398-4670-bee4-bb5123f9df20;Ż;true;11;59;185bd3a81d9d618518d10abebf0d17a8;1920;1080;113.0
bbea6c89-d836-4d29-96f3-43b5ed04799b;Ż;true;23;102;185bd3a81d9d618518d10abebf0d17a8;1920;1080;83.0
c1f76a76-a75e-452b-aff3-22eab8f2f35e;Ż;true;16;52;db573f94204e56e0cf3fc2ea000e5bdc;1280;720;117.0
d0cfd050-763f-49fe-9e24-62fbb925551f;Ż;true;11;50;46dd04a1caa75ed3082b573cb5a3ad26;1920;822;92.0
d48a9649-974b-4185-bff1-368b4dacd89f;Ż;true;15;58;46dd04a1caa75ed3082b573cb5a3ad26;1920;1080;93.0
e5f43aae-b0cc-4caf-959c-763700226ff9;Ż;true;2;48;46dd04a1caa75ed3082b573cb5a3ad26;1920;822;85.0
e7943032-25b2-4c6f-9734-18c0fdb3c685;Ż;true;21;67;db573f94204e56e0cf3fc2ea000e5bdc;1280;720;119.0
fc06a733-fce4-4cc1-9a10-4d98fe025fd9;Ż;true;9;51;0211b488644476dd0fec656ccb9b74fc;1920;1080;78.0
4531711e-91a2-4de3-b298-cb6e9973fea5;Ż;false;12;55;0ab4f8e463cdded2e59d6001f4e1b487;1080;1920;76.0
8de2843a-5ebe-4e7b-ae16-a4a2ad2bb112;Ż;false;6;41;9f9b13d8e63bd774b4ad1bd14f56147d;720;1280;68.0
a91f13ad-d7a2-499a-9b3c-351e829e8299;Ż;false;21;68;0041ec866777f12c384b64d8cd636277;1920;1080;98.0
acfdc412-04e0-4436-ba8e-269e207f8de1;Ż;false;21;63;0041ec866777f12c384b64d8cd636277;1920;1080;106.0
f2d02c3c-bcfb-495e-96f8-b7c517d77970;Ż;false;21;50;f2dc6eab563f93d86629c1cfe479f09d;1440;1440;77.0
1fec2e4a-ccd7-4f79-9d4d-f6800402bcf0;Ž;true;4;27;0211b488644476dd0fec656ccb9b74fc;1920;1080;51.0
30984793-4693-4d3b-9a64-c96fae996ec3;Ž;true;30;70;185bd3a81d9d618518d10abebf0d17a8;1920;1080;114.0
503da461-0795-4b1d-bf0c-91479e617723;Ž;true;65;116;b07a773bcb10b4f14f33d2b0e8ec58ba;720;1280;173.0
6dac1734-2a71-4324-a30d-994eae533c2e;Ž;true;5;56;0211b488644476dd0fec656ccb9b74fc;1920;1080;85.0
71320e2d-6c7d-4c67-bb57-b25d3d42b718;Ž;true;11;68;db573f94204e56e0cf3fc2ea000e5bdc;1280;720;106.0
724e75ad-3bce-42a1-a8e4-f146d8d018f4;Ž;true;5;61;db573f94204e56e0cf3fc2ea000e5bdc;1280;720;114.0
7995d776-342f-40f0-a810-6155bc52dfc2;Ž;true;11;69;db573f94204e56e0cf3fc2ea000e5bdc;1280;720;111.0
865061ac-f0d8-4163-b9bf-113530f7807a;Ž;true;6;53;185bd3a81d9d618518d10abebf0d17a8;1920;1080;111.0
92e4b9c5-4657-4269-99ff-e59321c05559;Ž;true;25;70;0211b488644476dd0fec656ccb9b74fc;1080;1920;106.0
9dfc8382-c85a-44f3-9630-b405c7f6b29c;Ž;true;3;46;46dd04a1caa75ed3082b573cb5a3ad26;1920;822;80.0
b56f68c6-ebed-41f1-b266-61a8c81fae89;Ž;true;16;62;46dd04a1caa75ed3082b573cb5a3ad26;1920;822;88.0
be1e6470-e179-470f-a4cc-fc5f4a3f5596;Ž;true;13;71;46dd04a1caa75ed3082b573cb5a3ad26;1920;1080;107.0
c0c87d41-495f-42b7-9300-29d4a8997170;Ž;true;23;81;95af8e702c909eee7145c6dc1a3d756b;1280;720;108.0
e2b87413-6716-4b57-af05-6dcdcfb1e50d;Ž;true;93;153;b07a773bcb10b4f14f33d2b0e8ec58ba;720;1280;212.0
ebb90295-c901-49a8-a404-e5f2c53b434d;Ž;true;19;70;185bd3a81d9d618518d10abebf0d17a8;1920;1080;96.0
09fb7ff3-ffb0-471e-a611-4ab449861727;Ž;false;0;54;3dd2ce2659aada17b976390004ebe322;1920;886;87.0
1b018e1c-260a-46a7-892a-618178a696ca;Ž;false;19;91;87fe0712fdd150ecc8d02cbbb2e047d6;1280;720;96.0
52cef979-1d29-4037-a68b-dcf13b949735;Ž;false;17;67;0ab4f8e463cdded2e59d6001f4e1b487;1080;1920;89.0
a4bb91fe-b696-4687-ad56-0e6d01d7628b;Ž;false;25;88;1860c7f3605089bf0eff0c4e72c7add4;1440;1440;120.0
db2746f3-67b8-43d7-9c3a-ae25728deb09;Ž;false;13;51;d2b4042ec6d8505a41b809e64d5adb7c;1920;1080;64.0
13a148fc-a546-47ab-b5d0-f9d0c3cce1de;ß;true;17;44;2d84da20c251acaeb3186642fcb04f2e;1920;1080;85.0
17fdf4e2-951f-46ea-9d65-e511502fa610;ß;true;13;78;db573f94204e56e0cf3fc2ea000e5bdc;1280;720;124.0
3420eaf2-8285-4515-9318-bba1fd7f2f27;ß;true;12;48;46dd04a1caa75ed3082b573cb5a3ad26;1920;822;93.0
35ec7228-ad64-45da-93d0-786ad430c633;ß;true;56;113;b07a773bcb10b4f14f33d2b0e8ec58ba;720;1280;158.0
37deb6f6-0501-4a77-95c8-54a74721812a;ß;true;13;55;db573f94204e56e0cf3fc2ea000e5bdc;1280;720;102.0
3f72244c-7379-4403-b7ee-e1b1b8d78d46;ß;true;9;58;db573f94204e56e0cf3fc2ea000e5bdc;1280;720;94.0
5adf08e2-4ff6-4183-ba22-446c1cd0b0f8;ß;true;20;70;0211b488644476dd0fec656ccb9b74fc;1920;1080;97.0
5ce6ce8a-d191-47d4-97b4-3fc6f9138a73;ß;true;21;69;185bd3a81d9d618518d10abebf0d17a8;1920;1080;110.0
6d8c7461-21cf-4fb6-a95f-c4e792974816;ß;true;11;75;185bd3a81d9d618518d10abebf0d17a8;1920;1080;115.0
7d6f322e-43c7-4694-93db-01b6b5e9d744;ß;true;13;55;0211b488644476dd0fec656ccb9b74fc;1920;1080;75.0
8a347e81-bdbd-4afd-8e36-209412f73358;ß;true;52;91;b07a773bcb10b4f14f33d2b0e8ec58ba;720;1280;139.0
a5129bce-af6e-4957-ab5c-7271719f65c1;ß;true;12;55;46dd04a1caa75ed3082b573cb5a3ad26;1920;822;89.0
c9e2dbd1-ec2f-4382-a80e-5bca8396a9b1;ß;true;22;80;46dd04a1caa75ed3082b573cb5a3ad26;1920;1080;106.0
fe3c3f75-a971-447a-a365-a38b31b40539;ß;true;22;59;0211b488644476dd0fec656ccb9b74fc;1920;1080;94.0
feebd581-00c2-42af-8fd6-a37d9a27eb26;ß;true;8;37;2d84da20c251acaeb3186642fcb04f2e;1920;1080;64.0
1a624339-ec96-4fb6-bf94-7a9eeceec188;ß;false;9;53;0ab4f8e463cdded2e59d6001f4e1b487;1080;1920;79.0
2eb8fc0c-3803-457d-918a-5fd1c9592a84;ß;false;21;93;1860c7f3605089bf0eff0c4e72c7add4;1440;1440;124.0
c87a5299-5ef4-4a7e-893c-26b7cfc7d6ac;ß;false;9;44;3dd2ce2659aada17b976390004ebe322;1920;886;70.0
cfc4685b-b49e-43aa-86a7-3bec1db99f74;ß;false;15;58;ca6b767f0cccf093ba737ae2fc4fec3d;1920;1080;59.0
d7dae1e8-41ad-481c-b66c-0d4a35dc4699;ß;false;23;76;ba230d5b794c9a7350356eddd3e9929c;1920;960;82.0
